-- Adminer 5.4.1 MySQL 8.3.0 dump

SET NAMES utf8;
SET time_zone = '+00:00';
SET foreign_key_checks = 0;
SET sql_mode = 'NO_AUTO_VALUE_ON_ZERO';

USE `pos_db`;

SET NAMES utf8mb4;

DROP TABLE IF EXISTS `categories`;
CREATE TABLE `categories` (
  `id` int NOT NULL AUTO_INCREMENT,
  `name` varchar(50) NOT NULL,
  `description` varchar(255) DEFAULT NULL,
  `type` enum('food','drink','meal','ingredients','other') NOT NULL DEFAULT 'other',
  PRIMARY KEY (`id`),
  UNIQUE KEY `name` (`name`)
) ENGINE=InnoDB DEFAULT CHARSET=utf8mb4 COLLATE=utf8mb4_0900_ai_ci;

TRUNCATE `categories`;
INSERT INTO `categories` (`id`, `name`, `description`, `type`) VALUES
(1, 'Beverages',  NULL, 'drink'),
(2, 'Meals',  NULL, 'food'),
(3, 'Ingredients',  NULL, 'ingredients'),
(4, 'Snacks', NULL, 'food'),
(5, 'Cleaning Material',  NULL, 'other');

DROP TABLE IF EXISTS `daily_closures`;
CREATE TABLE `daily_closures` (
  `id` int NOT NULL AUTO_INCREMENT,
  `location_id` int NOT NULL,
  `closure_date` date NOT NULL,
  `closed_by` int NOT NULL,
  `total_cash_expected` decimal(10,2) NOT NULL DEFAULT '0.00',
  `total_cash_actual` decimal(10,2) NOT NULL DEFAULT '0.00',
  `total_card` decimal(10,2) NOT NULL DEFAULT '0.00',
  `total_mobile` decimal(10,2) NOT NULL DEFAULT '0.00',
  `total_tips` decimal(10,2) NOT NULL DEFAULT '0.00',
  `total_expenses` decimal(10,2) NOT NULL DEFAULT '0.00',
  `variance` decimal(10,2) NOT NULL DEFAULT '0.00',
  `created_at` timestamp NULL DEFAULT CURRENT_TIMESTAMP,
  PRIMARY KEY (`id`),
  UNIQUE KEY `unique_closure` (`location_id`,`closure_date`)
) ENGINE=InnoDB DEFAULT CHARSET=utf8mb4 COLLATE=utf8mb4_0900_ai_ci;

TRUNCATE `daily_closures`;
INSERT INTO `daily_closures` (`id`, `location_id`, `closure_date`, `closed_by`, `total_cash_expected`, `total_cash_actual`, `total_card`, `total_mobile`, `total_tips`, `total_expenses`, `variance`, `created_at`) VALUES
(1, 1,  '2026-02-13', 2,  70.00,  70.00,  0.00, 0.00, 0.00, 0.00, 0.00, '2026-02-26 00:56:32'),
(2, 1,  '2026-02-26', 2,  1419.00,  1185.00,  0.00, 0.00, 0.00, 6.00, -234.00,  '2026-02-26 22:34:42');

DROP TABLE IF EXISTS `expenses`;
CREATE TABLE `expenses` (
  `id` int NOT NULL AUTO_INCREMENT,
  `location_id` int NOT NULL,
  `user_id` int NOT NULL,
  `shift_id` int NOT NULL DEFAULT '0',
  `amount` decimal(10,2) NOT NULL,
  `reason` varchar(255) NOT NULL,
  `created_at` timestamp NULL DEFAULT CURRENT_TIMESTAMP,
  `description` varchar(255) NOT NULL DEFAULT 'Expense',
  PRIMARY KEY (`id`),
  KEY `location_id` (`location_id`),
  KEY `user_id` (`user_id`),
  CONSTRAINT `expenses_ibfk_1` FOREIGN KEY (`location_id`) REFERENCES `locations` (`id`),
  CONSTRAINT `expenses_ibfk_2` FOREIGN KEY (`user_id`) REFERENCES `users` (`id`)
) ENGINE=InnoDB DEFAULT CHARSET=utf8mb4 COLLATE=utf8mb4_0900_ai_ci;

TRUNCATE `expenses`;
INSERT INTO `expenses` (`id`, `location_id`, `user_id`, `shift_id`, `amount`, `reason`, `created_at`, `description`) VALUES
(1, 1,  2,  9,  6.00, 'pens', '2026-02-26 00:23:13',  'Expense');

DROP TABLE IF EXISTS `grv_items`;
CREATE TABLE `grv_items` (
  `id` int NOT NULL AUTO_INCREMENT,
  `grv_id` int NOT NULL,
  `product_id` int NOT NULL,
  `quantity` decimal(10,2) NOT NULL,
  `unit_cost` decimal(10,2) NOT NULL,
  PRIMARY KEY (`id`),
  KEY `grv_id` (`grv_id`),
  KEY `product_id` (`product_id`),
  CONSTRAINT `grv_items_ibfk_1` FOREIGN KEY (`grv_id`) REFERENCES `grvs` (`id`) ON DELETE CASCADE,
  CONSTRAINT `grv_items_ibfk_2` FOREIGN KEY (`product_id`) REFERENCES `products` (`id`)
) ENGINE=InnoDB DEFAULT CHARSET=utf8mb4 COLLATE=utf8mb4_0900_ai_ci;

TRUNCATE `grv_items`;
INSERT INTO `grv_items` (`id`, `grv_id`, `product_id`, `quantity`, `unit_cost`) VALUES
(1, 1,  18, 200.00, 10.00),
(2, 2,  414,  10.00,  200.00),
(3, 3,  273,  5.00, 60.00),
(4, 3,  234,  5.00, 80.00),
(5, 4,  234,  200.00, 80.00),
(6, 5,  273,  7.00, 60.00),
(7, 6,  273,  5.00, 60.00),
(8, 7,  234,  6.00, 80.00);

DROP TABLE IF EXISTS `grvs`;
CREATE TABLE `grvs` (
  `id` int NOT NULL AUTO_INCREMENT,
  `vendor_id` int NOT NULL,
  `location_id` int NOT NULL,
  `received_by` int NOT NULL,
  `total_cost` decimal(10,2) NOT NULL DEFAULT '0.00',
  `reference_no` varchar(50) DEFAULT NULL,
  `created_at` timestamp NULL DEFAULT CURRENT_TIMESTAMP,
  PRIMARY KEY (`id`),
  KEY `vendor_id` (`vendor_id`),
  KEY `location_id` (`location_id`),
  KEY `received_by` (`received_by`),
  CONSTRAINT `grvs_ibfk_1` FOREIGN KEY (`vendor_id`) REFERENCES `vendors` (`id`),
  CONSTRAINT `grvs_ibfk_2` FOREIGN KEY (`location_id`) REFERENCES `locations` (`id`),
  CONSTRAINT `grvs_ibfk_3` FOREIGN KEY (`received_by`) REFERENCES `users` (`id`)
) ENGINE=InnoDB DEFAULT CHARSET=utf8mb4 COLLATE=utf8mb4_0900_ai_ci;

TRUNCATE `grvs`;
INSERT INTO `grvs` (`id`, `vendor_id`, `location_id`, `received_by`, `total_cost`, `reference_no`, `created_at`) VALUES
(1, 1,  4,  1,  2000.00,  '', '2026-02-17 12:30:15'),
(2, 2,  3,  1,  2000.00,  '', '2026-02-20 06:24:38'),
(3, 5,  4,  2,  700.00, '', '2026-02-25 00:53:40'),
(4, 5,  4,  2,  16000.00, '', '2026-02-25 01:23:03'),
(5, 5,  4,  2,  420.00, '', '2026-02-25 01:43:34'),
(6, 5,  1,  2,  300.00, '', '2026-02-25 02:01:08'),
(7, 5,  1,  2,  480.00, '', '2026-02-25 02:01:36');

DROP TABLE IF EXISTS `inventory`;
CREATE TABLE `inventory` (
  `id` int NOT NULL AUTO_INCREMENT,
  `product_id` int NOT NULL,
  `location_id` int NOT NULL,
  `quantity` int DEFAULT '0',
  `updated_at` timestamp NULL DEFAULT CURRENT_TIMESTAMP ON UPDATE CURRENT_TIMESTAMP,
  PRIMARY KEY (`id`),
  UNIQUE KEY `unique_stock` (`product_id`,`location_id`),
  KEY `location_id` (`location_id`),
  CONSTRAINT `inventory_ibfk_1` FOREIGN KEY (`product_id`) REFERENCES `products` (`id`) ON DELETE CASCADE,
  CONSTRAINT `inventory_ibfk_2` FOREIGN KEY (`location_id`) REFERENCES `locations` (`id`) ON DELETE CASCADE
) ENGINE=InnoDB DEFAULT CHARSET=utf8mb4 COLLATE=utf8mb4_0900_ai_ci;

TRUNCATE `inventory`;
INSERT INTO `inventory` (`id`, `product_id`, `location_id`, `quantity`, `updated_at`) VALUES
(1, 15, 4,  181,  '2026-02-14 05:01:46'),
(2, 15, 3,  14, '2026-02-13 16:30:21'),
(4, 15, 1,  0,  '2026-02-14 12:27:56'),
(5, 16, 3,  390,  '2026-02-17 16:05:24'),
(6, 16, 2,  67, '2026-02-14 05:10:16'),
(7, 16, 1,  3,  '2026-02-26 22:27:29'),
(24,  18, 4,  150,  '2026-02-17 12:33:13'),
(25,  18, 1,  22, '2026-02-27 19:52:53'),
(27,  17, 6,  0,  '2026-02-19 23:29:23'),
(28,  17, 5,  0,  '2026-02-19 23:29:23'),
(29,  17, 4,  0,  '2026-02-19 23:29:23'),
(30,  17, 3,  0,  '2026-02-19 23:29:23'),
(31,  17, 2,  0,  '2026-02-19 23:29:23'),
(32,  17, 1,  0,  '2026-02-19 23:29:23'),
(33,  19, 6,  0,  '2026-02-19 23:29:23'),
(34,  19, 5,  0,  '2026-02-19 23:29:23'),
(35,  19, 4,  0,  '2026-02-19 23:29:23'),
(36,  19, 3,  0,  '2026-02-19 23:29:23'),
(37,  19, 2,  0,  '2026-02-19 23:29:23'),
(38,  19, 1,  0,  '2026-02-19 23:29:23'),
(39,  18, 6,  0,  '2026-02-19 23:29:23'),
(40,  18, 5,  0,  '2026-02-19 23:29:23'),
(41,  18, 3,  0,  '2026-02-19 23:29:23'),
(42,  18, 2,  0,  '2026-02-19 23:29:23'),
(43,  20, 6,  0,  '2026-02-19 23:29:23'),
(44,  20, 5,  0,  '2026-02-19 23:29:23'),
(45,  20, 4,  0,  '2026-02-19 23:29:23'),
(46,  20, 3,  0,  '2026-02-19 23:29:23'),
(47,  20, 2,  0,  '2026-02-19 23:29:23'),
(48,  20, 1,  0,  '2026-02-19 23:29:23'),
(49,  21, 6,  0,  '2026-02-19 23:29:23'),
(50,  21, 5,  0,  '2026-02-19 23:29:23'),
(51,  21, 4,  0,  '2026-02-19 23:29:23'),
(52,  21, 3,  0,  '2026-02-19 23:29:23'),
(53,  21, 2,  0,  '2026-02-19 23:29:23'),
(54,  21, 1,  0,  '2026-02-19 23:29:23'),
(55,  22, 6,  0,  '2026-02-19 23:29:23'),
(56,  22, 5,  0,  '2026-02-19 23:29:23'),
(57,  22, 4,  0,  '2026-02-19 23:29:23'),
(58,  22, 3,  0,  '2026-02-19 23:29:23'),
(59,  22, 2,  0,  '2026-02-19 23:29:23'),
(60,  22, 1,  0,  '2026-02-19 23:29:23'),
(61,  23, 6,  0,  '2026-02-19 23:29:23'),
(62,  23, 5,  0,  '2026-02-19 23:29:23'),
(63,  23, 4,  0,  '2026-02-19 23:29:23'),
(64,  23, 3,  0,  '2026-02-19 23:29:23'),
(65,  23, 2,  0,  '2026-02-19 23:29:23'),
(66,  23, 1,  0,  '2026-02-19 23:29:23'),
(67,  24, 6,  0,  '2026-02-19 23:29:23'),
(68,  24, 5,  0,  '2026-02-19 23:29:23'),
(69,  24, 4,  0,  '2026-02-19 23:29:23'),
(70,  24, 3,  0,  '2026-02-19 23:29:23'),
(71,  24, 2,  0,  '2026-02-19 23:29:23'),
(72,  24, 1,  0,  '2026-02-19 23:29:23'),
(73,  25, 6,  0,  '2026-02-19 23:29:23'),
(74,  25, 5,  0,  '2026-02-19 23:29:23'),
(75,  25, 4,  0,  '2026-02-19 23:29:23'),
(76,  25, 3,  0,  '2026-02-19 23:29:23'),
(77,  25, 2,  0,  '2026-02-19 23:29:23'),
(78,  25, 1,  0,  '2026-02-19 23:29:23'),
(79,  28, 6,  0,  '2026-02-19 23:29:23'),
(80,  28, 5,  0,  '2026-02-19 23:29:23'),
(81,  28, 4,  0,  '2026-02-19 23:29:23'),
(82,  28, 3,  0,  '2026-02-19 23:29:23'),
(83,  28, 2,  0,  '2026-02-19 23:29:23'),
(84,  28, 1,  0,  '2026-02-19 23:29:23'),
(85,  29, 6,  0,  '2026-02-19 23:29:23'),
(86,  29, 5,  0,  '2026-02-19 23:29:23'),
(87,  29, 4,  0,  '2026-02-19 23:29:23'),
(88,  29, 3,  0,  '2026-02-19 23:29:23'),
(89,  29, 2,  0,  '2026-02-19 23:29:23'),
(90,  29, 1,  0,  '2026-02-19 23:29:23'),
(91,  30, 6,  0,  '2026-02-19 23:29:23'),
(92,  30, 5,  0,  '2026-02-19 23:29:23'),
(93,  30, 4,  0,  '2026-02-19 23:29:23'),
(94,  30, 3,  0,  '2026-02-19 23:29:23'),
(95,  30, 2,  0,  '2026-02-19 23:29:23'),
(96,  30, 1,  0,  '2026-02-19 23:29:23'),
(97,  31, 6,  0,  '2026-02-19 23:29:23'),
(98,  31, 5,  0,  '2026-02-19 23:29:23'),
(99,  31, 4,  0,  '2026-02-19 23:29:23'),
(100, 31, 3,  0,  '2026-02-19 23:29:23'),
(101, 31, 2,  0,  '2026-02-19 23:29:23'),
(102, 31, 1,  0,  '2026-02-19 23:29:23'),
(103, 32, 6,  0,  '2026-02-19 23:29:23'),
(104, 32, 5,  0,  '2026-02-19 23:29:23'),
(105, 32, 4,  0,  '2026-02-19 23:29:23'),
(106, 32, 3,  0,  '2026-02-19 23:29:23'),
(107, 32, 2,  0,  '2026-02-19 23:29:23'),
(108, 32, 1,  0,  '2026-02-19 23:29:23'),
(109, 33, 6,  0,  '2026-02-19 23:29:23'),
(110, 33, 5,  0,  '2026-02-19 23:29:23'),
(111, 33, 4,  0,  '2026-02-19 23:29:23'),
(112, 33, 3,  0,  '2026-02-19 23:29:23'),
(113, 33, 2,  0,  '2026-02-19 23:29:23'),
(114, 33, 1,  0,  '2026-02-19 23:29:23'),
(115, 34, 6,  0,  '2026-02-19 23:29:23'),
(116, 34, 5,  0,  '2026-02-19 23:29:23'),
(117, 34, 4,  0,  '2026-02-19 23:29:23'),
(118, 34, 3,  0,  '2026-02-19 23:29:23'),
(119, 34, 2,  0,  '2026-02-19 23:29:23'),
(120, 34, 1,  0,  '2026-02-19 23:29:23'),
(121, 35, 6,  0,  '2026-02-19 23:29:23'),
(122, 35, 5,  0,  '2026-02-19 23:29:23'),
(123, 35, 4,  0,  '2026-02-19 23:29:23'),
(124, 35, 3,  0,  '2026-02-19 23:29:23'),
(125, 35, 2,  0,  '2026-02-19 23:29:23'),
(126, 35, 1,  0,  '2026-02-19 23:29:23'),
(127, 36, 6,  0,  '2026-02-19 23:29:23'),
(128, 36, 5,  0,  '2026-02-19 23:29:23'),
(129, 36, 4,  0,  '2026-02-19 23:29:23'),
(130, 36, 3,  0,  '2026-02-19 23:29:23'),
(131, 36, 2,  0,  '2026-02-19 23:29:23'),
(132, 36, 1,  0,  '2026-02-19 23:29:23'),
(133, 37, 6,  0,  '2026-02-19 23:29:23'),
(134, 37, 5,  0,  '2026-02-19 23:29:23'),
(135, 37, 4,  0,  '2026-02-19 23:29:23'),
(136, 37, 3,  0,  '2026-02-19 23:29:23'),
(137, 37, 2,  0,  '2026-02-19 23:29:23'),
(138, 37, 1,  0,  '2026-02-19 23:29:23'),
(139, 38, 6,  0,  '2026-02-19 23:29:23'),
(140, 38, 5,  0,  '2026-02-19 23:29:23'),
(141, 38, 4,  0,  '2026-02-19 23:29:23'),
(142, 38, 3,  0,  '2026-02-19 23:29:23'),
(143, 38, 2,  0,  '2026-02-19 23:29:23'),
(144, 38, 1,  0,  '2026-02-19 23:29:23'),
(145, 39, 6,  0,  '2026-02-19 23:29:23'),
(146, 39, 5,  0,  '2026-02-19 23:29:23'),
(147, 39, 4,  0,  '2026-02-19 23:29:23'),
(148, 39, 3,  0,  '2026-02-19 23:29:23'),
(149, 39, 2,  0,  '2026-02-19 23:29:23'),
(150, 39, 1,  0,  '2026-02-19 23:29:23'),
(151, 40, 6,  0,  '2026-02-19 23:29:23'),
(152, 40, 5,  0,  '2026-02-19 23:29:23'),
(153, 40, 4,  0,  '2026-02-19 23:29:23'),
(154, 40, 3,  0,  '2026-02-19 23:29:23'),
(155, 40, 2,  0,  '2026-02-19 23:29:23'),
(156, 40, 1,  0,  '2026-02-19 23:29:23'),
(157, 41, 6,  0,  '2026-02-19 23:29:23'),
(158, 41, 5,  0,  '2026-02-19 23:29:23'),
(159, 41, 4,  0,  '2026-02-19 23:29:23'),
(160, 41, 3,  0,  '2026-02-19 23:29:23'),
(161, 41, 2,  0,  '2026-02-19 23:29:23'),
(162, 41, 1,  0,  '2026-02-19 23:29:23'),
(163, 42, 6,  0,  '2026-02-19 23:29:23'),
(164, 42, 5,  0,  '2026-02-19 23:29:23'),
(165, 42, 4,  0,  '2026-02-19 23:29:23'),
(166, 42, 3,  0,  '2026-02-19 23:29:23'),
(167, 42, 2,  0,  '2026-02-19 23:29:23'),
(168, 42, 1,  0,  '2026-02-19 23:29:23'),
(169, 43, 6,  0,  '2026-02-19 23:29:23'),
(170, 43, 5,  0,  '2026-02-19 23:29:23'),
(171, 43, 4,  0,  '2026-02-19 23:29:23'),
(172, 43, 3,  0,  '2026-02-19 23:29:23'),
(173, 43, 2,  0,  '2026-02-19 23:29:23'),
(174, 43, 1,  0,  '2026-02-19 23:29:23'),
(175, 44, 6,  0,  '2026-02-19 23:29:23'),
(176, 44, 5,  0,  '2026-02-19 23:29:23'),
(177, 44, 4,  0,  '2026-02-19 23:29:23'),
(178, 44, 3,  0,  '2026-02-19 23:29:23'),
(179, 44, 2,  0,  '2026-02-19 23:29:23'),
(180, 44, 1,  0,  '2026-02-19 23:29:23'),
(181, 45, 6,  0,  '2026-02-19 23:29:23'),
(182, 45, 5,  0,  '2026-02-19 23:29:23'),
(183, 45, 4,  0,  '2026-02-19 23:29:23'),
(184, 45, 3,  0,  '2026-02-19 23:29:23'),
(185, 45, 2,  0,  '2026-02-19 23:29:23'),
(186, 45, 1,  0,  '2026-02-19 23:29:23'),
(187, 46, 6,  0,  '2026-02-19 23:29:23'),
(188, 46, 5,  0,  '2026-02-19 23:29:23'),
(189, 46, 4,  0,  '2026-02-19 23:29:23'),
(190, 46, 3,  0,  '2026-02-19 23:29:23'),
(191, 46, 2,  0,  '2026-02-19 23:29:23'),
(192, 46, 1,  0,  '2026-02-19 23:29:23'),
(193, 47, 6,  0,  '2026-02-19 23:29:23'),
(194, 47, 5,  0,  '2026-02-19 23:29:23'),
(195, 47, 4,  0,  '2026-02-19 23:29:23'),
(196, 47, 3,  0,  '2026-02-19 23:29:23'),
(197, 47, 2,  0,  '2026-02-19 23:29:23'),
(198, 47, 1,  0,  '2026-02-19 23:29:23'),
(199, 48, 6,  0,  '2026-02-19 23:29:23'),
(200, 48, 5,  0,  '2026-02-19 23:29:23'),
(201, 48, 4,  0,  '2026-02-19 23:29:23'),
(202, 48, 3,  0,  '2026-02-19 23:29:23'),
(203, 48, 2,  0,  '2026-02-19 23:29:23'),
(204, 48, 1,  0,  '2026-02-19 23:29:23'),
(205, 50, 6,  0,  '2026-02-19 23:29:23'),
(206, 50, 5,  0,  '2026-02-19 23:29:23'),
(207, 50, 4,  0,  '2026-02-19 23:29:23'),
(208, 50, 3,  0,  '2026-02-19 23:29:23'),
(209, 50, 2,  0,  '2026-02-19 23:29:23'),
(210, 50, 1,  0,  '2026-02-19 23:29:23'),
(211, 51, 6,  0,  '2026-02-19 23:29:23'),
(212, 51, 5,  0,  '2026-02-19 23:29:23'),
(213, 51, 4,  0,  '2026-02-19 23:29:23'),
(214, 51, 3,  0,  '2026-02-19 23:29:23'),
(215, 51, 2,  0,  '2026-02-19 23:29:23'),
(216, 51, 1,  0,  '2026-02-19 23:29:23'),
(217, 52, 6,  0,  '2026-02-19 23:29:23'),
(218, 52, 5,  0,  '2026-02-19 23:29:23'),
(219, 52, 4,  0,  '2026-02-19 23:29:23'),
(220, 52, 3,  0,  '2026-02-19 23:29:23'),
(221, 52, 2,  0,  '2026-02-19 23:29:23'),
(222, 52, 1,  0,  '2026-02-19 23:29:23'),
(223, 53, 6,  0,  '2026-02-19 23:29:23'),
(224, 53, 5,  0,  '2026-02-19 23:29:23'),
(225, 53, 4,  0,  '2026-02-19 23:29:23'),
(226, 53, 3,  0,  '2026-02-19 23:29:23'),
(227, 53, 2,  0,  '2026-02-19 23:29:23'),
(228, 53, 1,  0,  '2026-02-19 23:29:23'),
(229, 54, 6,  0,  '2026-02-19 23:29:23'),
(230, 54, 5,  0,  '2026-02-19 23:29:23'),
(231, 54, 4,  0,  '2026-02-19 23:29:23'),
(232, 54, 3,  0,  '2026-02-19 23:29:23'),
(233, 54, 2,  0,  '2026-02-19 23:29:23'),
(234, 54, 1,  0,  '2026-02-19 23:29:23'),
(235, 55, 6,  0,  '2026-02-19 23:29:23'),
(236, 55, 5,  0,  '2026-02-19 23:29:23'),
(237, 55, 4,  0,  '2026-02-19 23:29:23'),
(238, 55, 3,  0,  '2026-02-19 23:29:23'),
(239, 55, 2,  0,  '2026-02-19 23:29:23'),
(240, 55, 1,  0,  '2026-02-19 23:29:23'),
(241, 56, 6,  0,  '2026-02-19 23:29:23'),
(242, 56, 5,  0,  '2026-02-19 23:29:23'),
(243, 56, 4,  0,  '2026-02-19 23:29:23'),
(244, 56, 3,  0,  '2026-02-19 23:29:23'),
(245, 56, 2,  0,  '2026-02-19 23:29:23'),
(246, 56, 1,  0,  '2026-02-19 23:29:23'),
(247, 57, 6,  0,  '2026-02-19 23:29:23'),
(248, 57, 5,  0,  '2026-02-19 23:29:23'),
(249, 57, 4,  0,  '2026-02-19 23:29:23'),
(250, 57, 3,  0,  '2026-02-19 23:29:23'),
(251, 57, 2,  0,  '2026-02-19 23:29:23'),
(252, 57, 1,  0,  '2026-02-19 23:29:23'),
(253, 58, 6,  0,  '2026-02-19 23:29:23'),
(254, 58, 5,  0,  '2026-02-19 23:29:23'),
(255, 58, 4,  0,  '2026-02-19 23:29:23'),
(256, 58, 3,  0,  '2026-02-19 23:29:23'),
(257, 58, 2,  0,  '2026-02-19 23:29:23'),
(258, 58, 1,  0,  '2026-02-19 23:29:23'),
(259, 59, 6,  0,  '2026-02-19 23:29:23'),
(260, 59, 5,  0,  '2026-02-19 23:29:23'),
(261, 59, 4,  0,  '2026-02-19 23:29:23'),
(262, 59, 3,  0,  '2026-02-19 23:29:23'),
(263, 59, 2,  0,  '2026-02-19 23:29:23'),
(264, 59, 1,  0,  '2026-02-19 23:29:23'),
(265, 60, 6,  0,  '2026-02-19 23:29:23'),
(266, 60, 5,  0,  '2026-02-19 23:29:23'),
(267, 60, 4,  0,  '2026-02-19 23:29:23'),
(268, 60, 3,  0,  '2026-02-19 23:29:23'),
(269, 60, 2,  0,  '2026-02-19 23:29:23'),
(270, 60, 1,  0,  '2026-02-19 23:29:23'),
(271, 61, 6,  0,  '2026-02-19 23:29:23'),
(272, 61, 5,  0,  '2026-02-19 23:29:23'),
(273, 61, 4,  0,  '2026-02-19 23:29:23'),
(274, 61, 3,  0,  '2026-02-19 23:29:23'),
(275, 61, 2,  0,  '2026-02-19 23:29:23'),
(276, 61, 1,  0,  '2026-02-19 23:29:23'),
(277, 62, 6,  0,  '2026-02-19 23:29:23'),
(278, 62, 5,  0,  '2026-02-19 23:29:23'),
(279, 62, 4,  0,  '2026-02-19 23:29:23'),
(280, 62, 3,  0,  '2026-02-19 23:29:23'),
(281, 62, 2,  0,  '2026-02-19 23:29:23'),
(282, 62, 1,  0,  '2026-02-19 23:29:23'),
(283, 63, 6,  0,  '2026-02-19 23:29:23'),
(284, 63, 5,  0,  '2026-02-19 23:29:23'),
(285, 63, 4,  0,  '2026-02-19 23:29:23'),
(286, 63, 3,  0,  '2026-02-19 23:29:23'),
(287, 63, 2,  0,  '2026-02-19 23:29:23'),
(288, 63, 1,  0,  '2026-02-19 23:29:23'),
(289, 64, 6,  0,  '2026-02-19 23:29:23'),
(290, 64, 5,  0,  '2026-02-19 23:29:23'),
(291, 64, 4,  0,  '2026-02-19 23:29:23'),
(292, 64, 3,  0,  '2026-02-19 23:29:23'),
(293, 64, 2,  0,  '2026-02-19 23:29:23'),
(294, 64, 1,  0,  '2026-02-19 23:29:23'),
(295, 65, 6,  0,  '2026-02-19 23:29:23'),
(296, 65, 5,  0,  '2026-02-19 23:29:23'),
(297, 65, 4,  0,  '2026-02-19 23:29:23'),
(298, 65, 3,  0,  '2026-02-19 23:29:23'),
(299, 65, 2,  0,  '2026-02-19 23:29:23'),
(300, 65, 1,  0,  '2026-02-19 23:29:23'),
(301, 66, 6,  0,  '2026-02-19 23:29:23'),
(302, 66, 5,  0,  '2026-02-19 23:29:23'),
(303, 66, 4,  0,  '2026-02-19 23:29:23'),
(304, 66, 3,  0,  '2026-02-19 23:29:23'),
(305, 66, 2,  0,  '2026-02-19 23:29:23'),
(306, 66, 1,  0,  '2026-02-19 23:29:23'),
(307, 67, 6,  0,  '2026-02-19 23:29:23'),
(308, 67, 5,  0,  '2026-02-19 23:29:23'),
(309, 67, 4,  0,  '2026-02-19 23:29:23'),
(310, 67, 3,  0,  '2026-02-19 23:29:23'),
(311, 67, 2,  0,  '2026-02-19 23:29:23'),
(312, 67, 1,  0,  '2026-02-19 23:29:23'),
(313, 68, 6,  0,  '2026-02-19 23:29:23'),
(314, 68, 5,  0,  '2026-02-19 23:29:23'),
(315, 68, 4,  0,  '2026-02-19 23:29:23'),
(316, 68, 3,  0,  '2026-02-19 23:29:23'),
(317, 68, 2,  0,  '2026-02-19 23:29:23'),
(318, 68, 1,  0,  '2026-02-19 23:29:23'),
(319, 69, 6,  0,  '2026-02-19 23:29:23'),
(320, 69, 5,  0,  '2026-02-19 23:29:23'),
(321, 69, 4,  0,  '2026-02-19 23:29:23'),
(322, 69, 3,  0,  '2026-02-19 23:29:23'),
(323, 69, 2,  0,  '2026-02-19 23:29:23'),
(324, 69, 1,  0,  '2026-02-19 23:29:23'),
(325, 71, 6,  0,  '2026-02-19 23:29:23'),
(326, 71, 5,  0,  '2026-02-19 23:29:23'),
(327, 71, 4,  0,  '2026-02-19 23:29:23'),
(328, 71, 3,  0,  '2026-02-19 23:29:23'),
(329, 71, 2,  0,  '2026-02-19 23:29:23'),
(330, 71, 1,  0,  '2026-02-19 23:29:23'),
(331, 72, 6,  0,  '2026-02-19 23:29:23'),
(332, 72, 5,  0,  '2026-02-19 23:29:23'),
(333, 72, 4,  0,  '2026-02-19 23:29:23'),
(334, 72, 3,  0,  '2026-02-19 23:29:23'),
(335, 72, 2,  0,  '2026-02-19 23:29:23'),
(336, 72, 1,  0,  '2026-02-19 23:29:23'),
(337, 73, 6,  0,  '2026-02-19 23:29:23'),
(338, 73, 5,  0,  '2026-02-19 23:29:23'),
(339, 73, 4,  0,  '2026-02-19 23:29:23'),
(340, 73, 3,  0,  '2026-02-19 23:29:23'),
(341, 73, 2,  0,  '2026-02-19 23:29:23'),
(342, 73, 1,  0,  '2026-02-19 23:29:23'),
(343, 74, 6,  0,  '2026-02-19 23:29:23'),
(344, 74, 5,  0,  '2026-02-19 23:29:23'),
(345, 74, 4,  0,  '2026-02-19 23:29:23'),
(346, 74, 3,  0,  '2026-02-19 23:29:23'),
(347, 74, 2,  0,  '2026-02-19 23:29:23'),
(348, 74, 1,  0,  '2026-02-19 23:29:23'),
(349, 75, 6,  0,  '2026-02-19 23:29:23'),
(350, 75, 5,  0,  '2026-02-19 23:29:23'),
(351, 75, 4,  0,  '2026-02-19 23:29:23'),
(352, 75, 3,  0,  '2026-02-19 23:29:23'),
(353, 75, 2,  0,  '2026-02-19 23:29:23'),
(354, 75, 1,  0,  '2026-02-19 23:29:23'),
(355, 76, 6,  0,  '2026-02-19 23:29:23'),
(356, 76, 5,  0,  '2026-02-19 23:29:23'),
(357, 76, 4,  0,  '2026-02-19 23:29:23'),
(358, 76, 3,  0,  '2026-02-19 23:29:23'),
(359, 76, 2,  0,  '2026-02-19 23:29:23'),
(360, 76, 1,  0,  '2026-02-19 23:29:23'),
(361, 77, 6,  0,  '2026-02-19 23:29:23'),
(362, 77, 5,  0,  '2026-02-19 23:29:23'),
(363, 77, 4,  0,  '2026-02-19 23:29:23'),
(364, 77, 3,  0,  '2026-02-19 23:29:23'),
(365, 77, 2,  0,  '2026-02-19 23:29:23'),
(366, 77, 1,  0,  '2026-02-19 23:29:23'),
(367, 78, 6,  0,  '2026-02-19 23:29:23'),
(368, 78, 5,  0,  '2026-02-19 23:29:23'),
(369, 78, 4,  0,  '2026-02-19 23:29:23'),
(370, 78, 3,  0,  '2026-02-19 23:29:23'),
(371, 78, 2,  0,  '2026-02-19 23:29:23'),
(372, 78, 1,  0,  '2026-02-19 23:29:23'),
(373, 79, 6,  0,  '2026-02-19 23:29:23'),
(374, 79, 5,  0,  '2026-02-19 23:29:23'),
(375, 79, 4,  0,  '2026-02-19 23:29:23'),
(376, 79, 3,  0,  '2026-02-19 23:29:23'),
(377, 79, 2,  0,  '2026-02-19 23:29:23'),
(378, 79, 1,  0,  '2026-02-19 23:29:23'),
(379, 80, 6,  0,  '2026-02-19 23:29:23'),
(380, 80, 5,  0,  '2026-02-19 23:29:23'),
(381, 80, 4,  0,  '2026-02-19 23:29:23'),
(382, 80, 3,  0,  '2026-02-19 23:29:23'),
(383, 80, 2,  0,  '2026-02-19 23:29:23'),
(384, 80, 1,  0,  '2026-02-19 23:29:23'),
(385, 81, 6,  0,  '2026-02-19 23:29:23'),
(386, 81, 5,  0,  '2026-02-19 23:29:23'),
(387, 81, 4,  0,  '2026-02-19 23:29:23'),
(388, 81, 3,  0,  '2026-02-19 23:29:23'),
(389, 81, 2,  0,  '2026-02-19 23:29:23'),
(390, 81, 1,  0,  '2026-02-19 23:29:23'),
(391, 82, 6,  0,  '2026-02-19 23:29:23'),
(392, 82, 5,  0,  '2026-02-19 23:29:23'),
(393, 82, 4,  0,  '2026-02-19 23:29:23'),
(394, 82, 3,  0,  '2026-02-19 23:29:23'),
(395, 82, 2,  0,  '2026-02-19 23:29:23'),
(396, 82, 1,  0,  '2026-02-19 23:29:23'),
(397, 83, 6,  0,  '2026-02-19 23:29:23'),
(398, 83, 5,  0,  '2026-02-19 23:29:23'),
(399, 83, 4,  0,  '2026-02-19 23:29:23'),
(400, 83, 3,  0,  '2026-02-19 23:29:23'),
(401, 83, 2,  0,  '2026-02-19 23:29:23'),
(402, 83, 1,  0,  '2026-02-19 23:29:23'),
(403, 85, 6,  0,  '2026-02-19 23:29:23'),
(404, 85, 5,  0,  '2026-02-19 23:29:23'),
(405, 85, 4,  0,  '2026-02-19 23:29:23'),
(406, 85, 3,  0,  '2026-02-19 23:29:23'),
(407, 85, 2,  0,  '2026-02-19 23:29:23'),
(408, 85, 1,  0,  '2026-02-19 23:29:23'),
(409, 86, 6,  0,  '2026-02-19 23:29:23'),
(410, 86, 5,  0,  '2026-02-19 23:29:23'),
(411, 86, 4,  0,  '2026-02-19 23:29:23'),
(412, 86, 3,  0,  '2026-02-19 23:29:23'),
(413, 86, 2,  0,  '2026-02-19 23:29:23'),
(414, 86, 1,  0,  '2026-02-19 23:29:23'),
(415, 87, 6,  0,  '2026-02-19 23:29:23'),
(416, 87, 5,  0,  '2026-02-19 23:29:23'),
(417, 87, 4,  0,  '2026-02-19 23:29:23'),
(418, 87, 3,  0,  '2026-02-19 23:29:23'),
(419, 87, 2,  0,  '2026-02-19 23:29:23'),
(420, 87, 1,  0,  '2026-02-19 23:29:23'),
(421, 88, 6,  0,  '2026-02-19 23:29:23'),
(422, 88, 5,  0,  '2026-02-19 23:29:23'),
(423, 88, 4,  0,  '2026-02-19 23:29:23'),
(424, 88, 3,  0,  '2026-02-19 23:29:23'),
(425, 88, 2,  0,  '2026-02-19 23:29:23'),
(426, 88, 1,  0,  '2026-02-19 23:29:23'),
(427, 89, 6,  0,  '2026-02-19 23:29:23'),
(428, 89, 5,  0,  '2026-02-19 23:29:23'),
(429, 89, 4,  0,  '2026-02-19 23:29:23'),
(430, 89, 3,  0,  '2026-02-19 23:29:23'),
(431, 89, 2,  0,  '2026-02-19 23:29:23'),
(432, 89, 1,  0,  '2026-02-19 23:29:23'),
(433, 90, 6,  0,  '2026-02-19 23:29:23'),
(434, 90, 5,  0,  '2026-02-19 23:29:23'),
(435, 90, 4,  0,  '2026-02-19 23:29:23'),
(436, 90, 3,  0,  '2026-02-19 23:29:23'),
(437, 90, 2,  0,  '2026-02-19 23:29:23'),
(438, 90, 1,  0,  '2026-02-19 23:29:23'),
(439, 91, 6,  0,  '2026-02-19 23:29:23'),
(440, 91, 5,  0,  '2026-02-19 23:29:23'),
(441, 91, 4,  0,  '2026-02-19 23:29:23'),
(442, 91, 3,  0,  '2026-02-19 23:29:23'),
(443, 91, 2,  0,  '2026-02-19 23:29:23'),
(444, 91, 1,  0,  '2026-02-19 23:29:23'),
(445, 92, 6,  0,  '2026-02-19 23:29:23'),
(446, 92, 5,  0,  '2026-02-19 23:29:23'),
(447, 92, 4,  0,  '2026-02-19 23:29:23'),
(448, 92, 3,  0,  '2026-02-19 23:29:23'),
(449, 92, 2,  0,  '2026-02-19 23:29:23'),
(450, 92, 1,  0,  '2026-02-19 23:29:23'),
(451, 94, 6,  0,  '2026-02-19 23:29:23'),
(452, 94, 5,  0,  '2026-02-19 23:29:23'),
(453, 94, 4,  0,  '2026-02-19 23:29:23'),
(454, 94, 3,  0,  '2026-02-19 23:29:23'),
(455, 94, 2,  0,  '2026-02-19 23:29:23'),
(456, 94, 1,  0,  '2026-02-19 23:29:23'),
(457, 95, 6,  0,  '2026-02-19 23:29:23'),
(458, 95, 5,  0,  '2026-02-19 23:29:23'),
(459, 95, 4,  0,  '2026-02-19 23:29:23'),
(460, 95, 3,  0,  '2026-02-19 23:29:23'),
(461, 95, 2,  0,  '2026-02-19 23:29:23'),
(462, 95, 1,  0,  '2026-02-19 23:29:23'),
(463, 96, 6,  0,  '2026-02-19 23:29:23'),
(464, 96, 5,  0,  '2026-02-19 23:29:23'),
(465, 96, 4,  0,  '2026-02-19 23:29:23'),
(466, 96, 3,  0,  '2026-02-19 23:29:23'),
(467, 96, 2,  0,  '2026-02-19 23:29:23'),
(468, 96, 1,  0,  '2026-02-19 23:29:23'),
(469, 97, 6,  0,  '2026-02-19 23:29:23'),
(470, 97, 5,  0,  '2026-02-19 23:29:23'),
(471, 97, 4,  0,  '2026-02-19 23:29:23'),
(472, 97, 3,  0,  '2026-02-19 23:29:23'),
(473, 97, 2,  0,  '2026-02-19 23:29:23'),
(474, 97, 1,  0,  '2026-02-19 23:29:23'),
(475, 98, 6,  0,  '2026-02-19 23:29:23'),
(476, 98, 5,  0,  '2026-02-19 23:29:23'),
(477, 98, 4,  0,  '2026-02-19 23:29:23'),
(478, 98, 3,  0,  '2026-02-19 23:29:23'),
(479, 98, 2,  0,  '2026-02-19 23:29:23'),
(480, 98, 1,  0,  '2026-02-19 23:29:23'),
(481, 99, 6,  0,  '2026-02-19 23:29:23'),
(482, 99, 5,  0,  '2026-02-19 23:29:23'),
(483, 99, 4,  0,  '2026-02-19 23:29:23'),
(484, 99, 3,  0,  '2026-02-19 23:29:23'),
(485, 99, 2,  0,  '2026-02-19 23:29:23'),
(486, 99, 1,  0,  '2026-02-19 23:29:23'),
(487, 100,  6,  0,  '2026-02-19 23:29:23'),
(488, 100,  5,  0,  '2026-02-19 23:29:23'),
(489, 100,  4,  0,  '2026-02-19 23:29:23'),
(490, 100,  3,  0,  '2026-02-19 23:29:23'),
(491, 100,  2,  0,  '2026-02-19 23:29:23'),
(492, 100,  1,  0,  '2026-02-19 23:29:23'),
(493, 102,  6,  0,  '2026-02-19 23:29:23'),
(494, 102,  5,  0,  '2026-02-19 23:29:23'),
(495, 102,  4,  0,  '2026-02-19 23:29:23'),
(496, 102,  3,  0,  '2026-02-19 23:29:23'),
(497, 102,  2,  0,  '2026-02-19 23:29:23'),
(498, 102,  1,  0,  '2026-02-19 23:29:23'),
(499, 103,  6,  0,  '2026-02-19 23:29:23'),
(500, 103,  5,  0,  '2026-02-19 23:29:23'),
(501, 103,  4,  0,  '2026-02-19 23:29:23'),
(502, 103,  3,  0,  '2026-02-19 23:29:23'),
(503, 103,  2,  0,  '2026-02-19 23:29:23'),
(504, 103,  1,  0,  '2026-02-19 23:29:23'),
(505, 104,  6,  0,  '2026-02-19 23:29:23'),
(506, 104,  5,  0,  '2026-02-19 23:29:23'),
(507, 104,  4,  0,  '2026-02-19 23:29:23'),
(508, 104,  3,  0,  '2026-02-19 23:29:23'),
(509, 104,  2,  0,  '2026-02-19 23:29:23'),
(510, 104,  1,  0,  '2026-02-19 23:29:23'),
(511, 105,  6,  0,  '2026-02-19 23:29:23'),
(512, 105,  5,  0,  '2026-02-19 23:29:23'),
(513, 105,  4,  0,  '2026-02-19 23:29:23'),
(514, 105,  3,  0,  '2026-02-19 23:29:23'),
(515, 105,  2,  0,  '2026-02-19 23:29:23'),
(516, 105,  1,  0,  '2026-02-19 23:29:23'),
(517, 106,  6,  0,  '2026-02-19 23:29:23'),
(518, 106,  5,  0,  '2026-02-19 23:29:23'),
(519, 106,  4,  0,  '2026-02-19 23:29:23'),
(520, 106,  3,  0,  '2026-02-19 23:29:23'),
(521, 106,  2,  0,  '2026-02-19 23:29:23'),
(522, 106,  1,  0,  '2026-02-19 23:29:23'),
(523, 107,  6,  0,  '2026-02-19 23:29:23'),
(524, 107,  5,  0,  '2026-02-19 23:29:23'),
(525, 107,  4,  0,  '2026-02-19 23:29:23'),
(526, 107,  3,  0,  '2026-02-19 23:29:23'),
(527, 107,  2,  0,  '2026-02-19 23:29:23'),
(528, 107,  1,  0,  '2026-02-19 23:29:23'),
(529, 108,  6,  0,  '2026-02-19 23:29:23'),
(530, 108,  5,  0,  '2026-02-19 23:29:23'),
(531, 108,  4,  0,  '2026-02-19 23:29:23'),
(532, 108,  3,  0,  '2026-02-19 23:29:23'),
(533, 108,  2,  0,  '2026-02-19 23:29:23'),
(534, 108,  1,  0,  '2026-02-19 23:29:23'),
(535, 109,  6,  0,  '2026-02-19 23:29:23'),
(536, 109,  5,  0,  '2026-02-19 23:29:23'),
(537, 109,  4,  0,  '2026-02-19 23:29:23'),
(538, 109,  3,  0,  '2026-02-19 23:29:23'),
(539, 109,  2,  0,  '2026-02-19 23:29:23'),
(540, 109,  1,  0,  '2026-02-19 23:29:23'),
(541, 111,  6,  0,  '2026-02-19 23:29:23'),
(542, 111,  5,  0,  '2026-02-19 23:29:23'),
(543, 111,  4,  0,  '2026-02-19 23:29:23'),
(544, 111,  3,  0,  '2026-02-19 23:29:23'),
(545, 111,  2,  0,  '2026-02-19 23:29:23'),
(546, 111,  1,  0,  '2026-02-19 23:29:23'),
(547, 112,  6,  0,  '2026-02-19 23:29:23'),
(548, 112,  5,  0,  '2026-02-19 23:29:23'),
(549, 112,  4,  0,  '2026-02-19 23:29:23'),
(550, 112,  3,  0,  '2026-02-19 23:29:23'),
(551, 112,  2,  0,  '2026-02-19 23:29:23'),
(552, 112,  1,  0,  '2026-02-19 23:29:23'),
(553, 113,  6,  0,  '2026-02-19 23:29:23'),
(554, 113,  5,  0,  '2026-02-19 23:29:23'),
(555, 113,  4,  0,  '2026-02-19 23:29:23'),
(556, 113,  3,  0,  '2026-02-19 23:29:23'),
(557, 113,  2,  0,  '2026-02-19 23:29:23'),
(558, 113,  1,  0,  '2026-02-19 23:29:23'),
(559, 114,  6,  0,  '2026-02-19 23:29:23'),
(560, 114,  5,  0,  '2026-02-19 23:29:23'),
(561, 114,  4,  0,  '2026-02-19 23:29:23'),
(562, 114,  3,  0,  '2026-02-19 23:29:23'),
(563, 114,  2,  0,  '2026-02-19 23:29:23'),
(564, 114,  1,  0,  '2026-02-19 23:29:23'),
(565, 115,  6,  0,  '2026-02-19 23:29:23'),
(566, 115,  5,  0,  '2026-02-19 23:29:23'),
(567, 115,  4,  0,  '2026-02-19 23:29:23'),
(568, 115,  3,  0,  '2026-02-19 23:29:23'),
(569, 115,  2,  0,  '2026-02-19 23:29:23'),
(570, 115,  1,  0,  '2026-02-19 23:29:23'),
(571, 116,  6,  0,  '2026-02-19 23:29:23'),
(572, 116,  5,  0,  '2026-02-19 23:29:23'),
(573, 116,  4,  0,  '2026-02-19 23:29:23'),
(574, 116,  3,  0,  '2026-02-19 23:29:23'),
(575, 116,  2,  0,  '2026-02-19 23:29:23'),
(576, 116,  1,  0,  '2026-02-19 23:29:23'),
(577, 117,  6,  0,  '2026-02-19 23:29:23'),
(578, 117,  5,  0,  '2026-02-19 23:29:23'),
(579, 117,  4,  0,  '2026-02-19 23:29:23'),
(580, 117,  3,  0,  '2026-02-19 23:29:23'),
(581, 117,  2,  0,  '2026-02-19 23:29:23'),
(582, 117,  1,  0,  '2026-02-19 23:29:23'),
(583, 118,  6,  0,  '2026-02-19 23:29:23'),
(584, 118,  5,  0,  '2026-02-19 23:29:23'),
(585, 118,  4,  0,  '2026-02-19 23:29:23'),
(586, 118,  3,  0,  '2026-02-19 23:29:23'),
(587, 118,  2,  0,  '2026-02-19 23:29:23'),
(588, 118,  1,  0,  '2026-02-19 23:29:23'),
(589, 119,  6,  0,  '2026-02-19 23:29:23'),
(590, 119,  5,  0,  '2026-02-19 23:29:23'),
(591, 119,  4,  0,  '2026-02-19 23:29:23'),
(592, 119,  3,  0,  '2026-02-19 23:29:23'),
(593, 119,  2,  0,  '2026-02-19 23:29:23'),
(594, 119,  1,  0,  '2026-02-19 23:29:23'),
(595, 120,  6,  0,  '2026-02-19 23:29:23'),
(596, 120,  5,  0,  '2026-02-19 23:29:23'),
(597, 120,  4,  0,  '2026-02-19 23:29:23'),
(598, 120,  3,  0,  '2026-02-19 23:29:23'),
(599, 120,  2,  0,  '2026-02-19 23:29:23'),
(600, 120,  1,  0,  '2026-02-19 23:29:23'),
(601, 121,  6,  0,  '2026-02-19 23:29:23'),
(602, 121,  5,  0,  '2026-02-19 23:29:23'),
(603, 121,  4,  0,  '2026-02-19 23:29:23'),
(604, 121,  3,  0,  '2026-02-19 23:29:23'),
(605, 121,  2,  0,  '2026-02-19 23:29:23'),
(606, 121,  1,  0,  '2026-02-19 23:29:23'),
(607, 122,  6,  0,  '2026-02-19 23:29:23'),
(608, 122,  5,  0,  '2026-02-19 23:29:23'),
(609, 122,  4,  0,  '2026-02-19 23:29:23'),
(610, 122,  3,  0,  '2026-02-19 23:29:23'),
(611, 122,  2,  0,  '2026-02-19 23:29:23'),
(612, 122,  1,  0,  '2026-02-19 23:29:23'),
(613, 123,  6,  0,  '2026-02-19 23:29:23'),
(614, 123,  5,  0,  '2026-02-19 23:29:23'),
(615, 123,  4,  0,  '2026-02-19 23:29:23'),
(616, 123,  3,  0,  '2026-02-19 23:29:23'),
(617, 123,  2,  0,  '2026-02-19 23:29:23'),
(618, 123,  1,  0,  '2026-02-19 23:29:23'),
(619, 124,  6,  0,  '2026-02-19 23:29:23'),
(620, 124,  5,  0,  '2026-02-19 23:29:23'),
(621, 124,  4,  0,  '2026-02-19 23:29:23'),
(622, 124,  3,  0,  '2026-02-19 23:29:23'),
(623, 124,  2,  0,  '2026-02-19 23:29:23'),
(624, 124,  1,  0,  '2026-02-19 23:29:23'),
(625, 125,  6,  0,  '2026-02-19 23:29:23'),
(626, 125,  5,  0,  '2026-02-19 23:29:23'),
(627, 125,  4,  0,  '2026-02-19 23:29:23'),
(628, 125,  3,  0,  '2026-02-19 23:29:23'),
(629, 125,  2,  0,  '2026-02-19 23:29:23'),
(630, 125,  1,  0,  '2026-02-19 23:29:23'),
(631, 126,  6,  0,  '2026-02-19 23:29:23'),
(632, 126,  5,  0,  '2026-02-19 23:29:23'),
(633, 126,  4,  0,  '2026-02-19 23:29:23'),
(634, 126,  3,  0,  '2026-02-19 23:29:23'),
(635, 126,  2,  0,  '2026-02-19 23:29:23'),
(636, 126,  1,  0,  '2026-02-19 23:29:23'),
(637, 127,  6,  0,  '2026-02-19 23:29:23'),
(638, 127,  5,  0,  '2026-02-19 23:29:23'),
(639, 127,  4,  0,  '2026-02-19 23:29:23'),
(640, 127,  3,  0,  '2026-02-19 23:29:23'),
(641, 127,  2,  0,  '2026-02-19 23:29:23'),
(642, 127,  1,  0,  '2026-02-19 23:29:23'),
(643, 128,  6,  0,  '2026-02-19 23:29:23'),
(644, 128,  5,  0,  '2026-02-19 23:29:23'),
(645, 128,  4,  0,  '2026-02-19 23:29:23'),
(646, 128,  3,  0,  '2026-02-19 23:29:23'),
(647, 128,  2,  0,  '2026-02-19 23:29:23'),
(648, 128,  1,  0,  '2026-02-19 23:29:23'),
(649, 129,  6,  0,  '2026-02-19 23:29:23'),
(650, 129,  5,  0,  '2026-02-19 23:29:23'),
(651, 129,  4,  0,  '2026-02-19 23:29:23'),
(652, 129,  3,  0,  '2026-02-19 23:29:23'),
(653, 129,  2,  0,  '2026-02-19 23:29:23'),
(654, 129,  1,  0,  '2026-02-19 23:29:23'),
(655, 130,  6,  0,  '2026-02-19 23:29:23'),
(656, 130,  5,  0,  '2026-02-19 23:29:23'),
(657, 130,  4,  0,  '2026-02-19 23:29:23'),
(658, 130,  3,  0,  '2026-02-19 23:29:23'),
(659, 130,  2,  0,  '2026-02-19 23:29:23'),
(660, 130,  1,  0,  '2026-02-19 23:29:23'),
(661, 131,  6,  0,  '2026-02-19 23:29:23'),
(662, 131,  5,  0,  '2026-02-19 23:29:23'),
(663, 131,  4,  0,  '2026-02-19 23:29:23'),
(664, 131,  3,  0,  '2026-02-19 23:29:23'),
(665, 131,  2,  0,  '2026-02-19 23:29:23'),
(666, 131,  1,  0,  '2026-02-19 23:29:23'),
(667, 132,  6,  0,  '2026-02-19 23:29:23'),
(668, 132,  5,  0,  '2026-02-19 23:29:23'),
(669, 132,  4,  0,  '2026-02-19 23:29:23'),
(670, 132,  3,  0,  '2026-02-19 23:29:23'),
(671, 132,  2,  0,  '2026-02-19 23:29:23'),
(672, 132,  1,  0,  '2026-02-19 23:29:23'),
(673, 133,  6,  0,  '2026-02-19 23:29:23'),
(674, 133,  5,  0,  '2026-02-19 23:29:23'),
(675, 133,  4,  0,  '2026-02-19 23:29:23'),
(676, 133,  3,  0,  '2026-02-19 23:29:23'),
(677, 133,  2,  0,  '2026-02-19 23:29:23'),
(678, 133,  1,  0,  '2026-02-19 23:29:23'),
(679, 134,  6,  0,  '2026-02-19 23:29:23'),
(680, 134,  5,  0,  '2026-02-19 23:29:23'),
(681, 134,  4,  0,  '2026-02-19 23:29:23'),
(682, 134,  3,  0,  '2026-02-19 23:29:23'),
(683, 134,  2,  0,  '2026-02-19 23:29:23'),
(684, 134,  1,  0,  '2026-02-19 23:29:23'),
(685, 135,  6,  0,  '2026-02-19 23:29:23'),
(686, 135,  5,  0,  '2026-02-19 23:29:23'),
(687, 135,  4,  0,  '2026-02-19 23:29:23'),
(688, 135,  3,  0,  '2026-02-19 23:29:23'),
(689, 135,  2,  0,  '2026-02-19 23:29:23'),
(690, 135,  1,  0,  '2026-02-19 23:29:23'),
(691, 136,  6,  0,  '2026-02-19 23:29:23'),
(692, 136,  5,  0,  '2026-02-19 23:29:23'),
(693, 136,  4,  0,  '2026-02-19 23:29:23'),
(694, 136,  3,  0,  '2026-02-19 23:29:23'),
(695, 136,  2,  0,  '2026-02-19 23:29:23'),
(696, 136,  1,  0,  '2026-02-19 23:29:23'),
(697, 137,  6,  0,  '2026-02-19 23:29:23'),
(698, 137,  5,  0,  '2026-02-19 23:29:23'),
(699, 137,  4,  0,  '2026-02-19 23:29:23'),
(700, 137,  3,  0,  '2026-02-19 23:29:23'),
(701, 137,  2,  0,  '2026-02-19 23:29:23'),
(702, 137,  1,  0,  '2026-02-19 23:29:23'),
(703, 138,  6,  0,  '2026-02-19 23:29:23'),
(704, 138,  5,  0,  '2026-02-19 23:29:23'),
(705, 138,  4,  0,  '2026-02-19 23:29:23'),
(706, 138,  3,  0,  '2026-02-19 23:29:23'),
(707, 138,  2,  0,  '2026-02-19 23:29:23'),
(708, 138,  1,  0,  '2026-02-19 23:29:23'),
(709, 139,  6,  0,  '2026-02-19 23:29:23'),
(710, 139,  5,  0,  '2026-02-19 23:29:23'),
(711, 139,  4,  0,  '2026-02-19 23:29:23'),
(712, 139,  3,  0,  '2026-02-19 23:29:23'),
(713, 139,  2,  0,  '2026-02-19 23:29:23'),
(714, 139,  1,  0,  '2026-02-19 23:29:23'),
(715, 140,  6,  0,  '2026-02-19 23:29:23'),
(716, 140,  5,  0,  '2026-02-19 23:29:23'),
(717, 140,  4,  0,  '2026-02-19 23:29:23'),
(718, 140,  3,  0,  '2026-02-19 23:29:23'),
(719, 140,  2,  0,  '2026-02-19 23:29:23'),
(720, 140,  1,  0,  '2026-02-19 23:29:23'),
(721, 141,  6,  0,  '2026-02-19 23:29:23'),
(722, 141,  5,  0,  '2026-02-19 23:29:23'),
(723, 141,  4,  0,  '2026-02-19 23:29:23'),
(724, 141,  3,  0,  '2026-02-19 23:29:23'),
(725, 141,  2,  0,  '2026-02-19 23:29:23'),
(726, 141,  1,  0,  '2026-02-19 23:29:23'),
(727, 142,  6,  0,  '2026-02-19 23:29:23'),
(728, 142,  5,  0,  '2026-02-19 23:29:23'),
(729, 142,  4,  0,  '2026-02-19 23:29:23'),
(730, 142,  3,  0,  '2026-02-19 23:29:23'),
(731, 142,  2,  0,  '2026-02-19 23:29:23'),
(732, 142,  1,  0,  '2026-02-19 23:29:23'),
(733, 143,  6,  0,  '2026-02-19 23:29:23'),
(734, 143,  5,  0,  '2026-02-19 23:29:23'),
(735, 143,  4,  0,  '2026-02-19 23:29:23'),
(736, 143,  3,  0,  '2026-02-19 23:29:23'),
(737, 143,  2,  0,  '2026-02-19 23:29:23'),
(738, 143,  1,  0,  '2026-02-19 23:29:23'),
(739, 144,  6,  0,  '2026-02-19 23:29:23'),
(740, 144,  5,  0,  '2026-02-19 23:29:23'),
(741, 144,  4,  0,  '2026-02-19 23:29:23'),
(742, 144,  3,  0,  '2026-02-19 23:29:23'),
(743, 144,  2,  0,  '2026-02-19 23:29:23'),
(744, 144,  1,  0,  '2026-02-19 23:29:23'),
(745, 145,  6,  0,  '2026-02-19 23:29:23'),
(746, 145,  5,  0,  '2026-02-19 23:29:23'),
(747, 145,  4,  0,  '2026-02-19 23:29:23'),
(748, 145,  3,  0,  '2026-02-19 23:29:23'),
(749, 145,  2,  0,  '2026-02-19 23:29:23'),
(750, 145,  1,  0,  '2026-02-19 23:29:23'),
(751, 146,  6,  0,  '2026-02-19 23:29:23'),
(752, 146,  5,  0,  '2026-02-19 23:29:23'),
(753, 146,  4,  0,  '2026-02-19 23:29:23'),
(754, 146,  3,  0,  '2026-02-19 23:29:23'),
(755, 146,  2,  0,  '2026-02-19 23:29:23'),
(756, 146,  1,  0,  '2026-02-19 23:29:23'),
(757, 147,  6,  0,  '2026-02-19 23:29:23'),
(758, 147,  5,  0,  '2026-02-19 23:29:23'),
(759, 147,  4,  0,  '2026-02-19 23:29:23'),
(760, 147,  3,  0,  '2026-02-19 23:29:23'),
(761, 147,  2,  0,  '2026-02-19 23:29:23'),
(762, 147,  1,  0,  '2026-02-19 23:29:23'),
(763, 148,  6,  0,  '2026-02-19 23:29:23'),
(764, 148,  5,  0,  '2026-02-19 23:29:23'),
(765, 148,  4,  0,  '2026-02-19 23:29:23'),
(766, 148,  3,  0,  '2026-02-19 23:29:23'),
(767, 148,  2,  0,  '2026-02-19 23:29:23'),
(768, 148,  1,  0,  '2026-02-19 23:29:23'),
(769, 149,  6,  0,  '2026-02-19 23:29:23'),
(770, 149,  5,  0,  '2026-02-19 23:29:23'),
(771, 149,  4,  0,  '2026-02-19 23:29:23'),
(772, 149,  3,  0,  '2026-02-19 23:29:23'),
(773, 149,  2,  0,  '2026-02-19 23:29:23'),
(774, 149,  1,  0,  '2026-02-19 23:29:23'),
(775, 150,  6,  0,  '2026-02-19 23:29:23'),
(776, 150,  5,  0,  '2026-02-19 23:29:23'),
(777, 150,  4,  0,  '2026-02-19 23:29:23'),
(778, 150,  3,  0,  '2026-02-19 23:29:23'),
(779, 150,  2,  0,  '2026-02-19 23:29:23'),
(780, 150,  1,  0,  '2026-02-19 23:29:23'),
(781, 151,  6,  0,  '2026-02-19 23:29:23'),
(782, 151,  5,  0,  '2026-02-19 23:29:23'),
(783, 151,  4,  0,  '2026-02-19 23:29:23'),
(784, 151,  3,  0,  '2026-02-19 23:29:23'),
(785, 151,  2,  0,  '2026-02-19 23:29:23'),
(786, 151,  1,  0,  '2026-02-19 23:29:23'),
(787, 152,  6,  0,  '2026-02-19 23:29:23'),
(788, 152,  5,  0,  '2026-02-19 23:29:23'),
(789, 152,  4,  0,  '2026-02-19 23:29:23'),
(790, 152,  3,  0,  '2026-02-19 23:29:23'),
(791, 152,  2,  0,  '2026-02-19 23:29:23'),
(792, 152,  1,  0,  '2026-02-19 23:29:23'),
(793, 153,  6,  0,  '2026-02-19 23:29:23'),
(794, 153,  5,  0,  '2026-02-19 23:29:23'),
(795, 153,  4,  0,  '2026-02-19 23:29:23'),
(796, 153,  3,  0,  '2026-02-19 23:29:23'),
(797, 153,  2,  0,  '2026-02-19 23:29:23'),
(798, 153,  1,  0,  '2026-02-19 23:29:23'),
(799, 154,  6,  0,  '2026-02-19 23:29:23'),
(800, 154,  5,  0,  '2026-02-19 23:29:23'),
(801, 154,  4,  0,  '2026-02-19 23:29:23'),
(802, 154,  3,  0,  '2026-02-19 23:29:23'),
(803, 154,  2,  0,  '2026-02-19 23:29:23'),
(804, 154,  1,  0,  '2026-02-19 23:29:23'),
(805, 155,  6,  0,  '2026-02-19 23:29:23'),
(806, 155,  5,  0,  '2026-02-19 23:29:23'),
(807, 155,  4,  0,  '2026-02-19 23:29:23'),
(808, 155,  3,  0,  '2026-02-19 23:29:23'),
(809, 155,  2,  0,  '2026-02-19 23:29:23'),
(810, 155,  1,  0,  '2026-02-19 23:29:23'),
(811, 156,  6,  0,  '2026-02-19 23:29:23'),
(812, 156,  5,  0,  '2026-02-19 23:29:23'),
(813, 156,  4,  0,  '2026-02-19 23:29:23'),
(814, 156,  3,  0,  '2026-02-19 23:29:23'),
(815, 156,  2,  0,  '2026-02-19 23:29:23'),
(816, 156,  1,  0,  '2026-02-19 23:29:23'),
(817, 157,  6,  0,  '2026-02-19 23:29:23'),
(818, 157,  5,  0,  '2026-02-19 23:29:23'),
(819, 157,  4,  0,  '2026-02-19 23:29:23'),
(820, 157,  3,  0,  '2026-02-19 23:29:23'),
(821, 157,  2,  0,  '2026-02-19 23:29:23'),
(822, 157,  1,  0,  '2026-02-19 23:29:23'),
(823, 158,  6,  0,  '2026-02-19 23:29:23'),
(824, 158,  5,  0,  '2026-02-19 23:29:23'),
(825, 158,  4,  0,  '2026-02-19 23:29:23'),
(826, 158,  3,  0,  '2026-02-19 23:29:23'),
(827, 158,  2,  0,  '2026-02-19 23:29:23'),
(828, 158,  1,  0,  '2026-02-19 23:29:23'),
(829, 159,  6,  0,  '2026-02-19 23:29:23'),
(830, 159,  5,  0,  '2026-02-19 23:29:23'),
(831, 159,  4,  0,  '2026-02-19 23:29:23'),
(832, 159,  3,  0,  '2026-02-19 23:29:23'),
(833, 159,  2,  0,  '2026-02-19 23:29:23'),
(834, 159,  1,  0,  '2026-02-19 23:29:23'),
(835, 160,  6,  0,  '2026-02-19 23:29:23'),
(836, 160,  5,  0,  '2026-02-19 23:29:23'),
(837, 160,  4,  0,  '2026-02-19 23:29:23'),
(838, 160,  3,  0,  '2026-02-19 23:29:23'),
(839, 160,  2,  0,  '2026-02-19 23:29:23'),
(840, 160,  1,  0,  '2026-02-19 23:29:23'),
(841, 161,  6,  0,  '2026-02-19 23:29:23'),
(842, 161,  5,  0,  '2026-02-19 23:29:23'),
(843, 161,  4,  0,  '2026-02-19 23:29:23'),
(844, 161,  3,  0,  '2026-02-19 23:29:23'),
(845, 161,  2,  0,  '2026-02-19 23:29:23'),
(846, 161,  1,  0,  '2026-02-19 23:29:23'),
(847, 162,  6,  0,  '2026-02-19 23:29:23'),
(848, 162,  5,  0,  '2026-02-19 23:29:23'),
(849, 162,  4,  0,  '2026-02-19 23:29:23'),
(850, 162,  3,  0,  '2026-02-19 23:29:23'),
(851, 162,  2,  0,  '2026-02-19 23:29:23'),
(852, 162,  1,  0,  '2026-02-19 23:29:23'),
(853, 163,  6,  0,  '2026-02-19 23:29:23'),
(854, 163,  5,  0,  '2026-02-19 23:29:23'),
(855, 163,  4,  0,  '2026-02-19 23:29:23'),
(856, 163,  3,  0,  '2026-02-19 23:29:23'),
(857, 163,  2,  0,  '2026-02-19 23:29:23'),
(858, 163,  1,  0,  '2026-02-19 23:29:23'),
(859, 164,  6,  0,  '2026-02-19 23:29:23'),
(860, 164,  5,  0,  '2026-02-19 23:29:23'),
(861, 164,  4,  0,  '2026-02-19 23:29:23'),
(862, 164,  3,  0,  '2026-02-19 23:29:23'),
(863, 164,  2,  0,  '2026-02-19 23:29:23'),
(864, 164,  1,  0,  '2026-02-19 23:29:23'),
(865, 165,  6,  0,  '2026-02-19 23:29:23'),
(866, 165,  5,  0,  '2026-02-19 23:29:23'),
(867, 165,  4,  0,  '2026-02-19 23:29:23'),
(868, 165,  3,  0,  '2026-02-19 23:29:23'),
(869, 165,  2,  0,  '2026-02-19 23:29:23'),
(870, 165,  1,  0,  '2026-02-19 23:29:23'),
(871, 166,  6,  0,  '2026-02-19 23:29:23'),
(872, 166,  5,  0,  '2026-02-19 23:29:23'),
(873, 166,  4,  0,  '2026-02-19 23:29:23'),
(874, 166,  3,  0,  '2026-02-19 23:29:23'),
(875, 166,  2,  0,  '2026-02-19 23:29:23'),
(876, 166,  1,  0,  '2026-02-19 23:29:23'),
(877, 167,  6,  0,  '2026-02-19 23:29:23'),
(878, 167,  5,  0,  '2026-02-19 23:29:23'),
(879, 167,  4,  0,  '2026-02-19 23:29:23'),
(880, 167,  3,  0,  '2026-02-19 23:29:23'),
(881, 167,  2,  0,  '2026-02-19 23:29:23'),
(882, 167,  1,  0,  '2026-02-19 23:29:23'),
(883, 168,  6,  0,  '2026-02-19 23:29:23'),
(884, 168,  5,  0,  '2026-02-19 23:29:23'),
(885, 168,  4,  0,  '2026-02-19 23:29:23'),
(886, 168,  3,  0,  '2026-02-19 23:29:23'),
(887, 168,  2,  0,  '2026-02-19 23:29:23'),
(888, 168,  1,  0,  '2026-02-19 23:29:23'),
(889, 169,  6,  0,  '2026-02-19 23:29:23'),
(890, 169,  5,  0,  '2026-02-19 23:29:23'),
(891, 169,  4,  0,  '2026-02-19 23:29:23'),
(892, 169,  3,  0,  '2026-02-19 23:29:23'),
(893, 169,  2,  0,  '2026-02-19 23:29:23'),
(894, 169,  1,  0,  '2026-02-19 23:29:23'),
(895, 170,  6,  0,  '2026-02-19 23:29:23'),
(896, 170,  5,  0,  '2026-02-19 23:29:23'),
(897, 170,  4,  0,  '2026-02-19 23:29:23'),
(898, 170,  3,  0,  '2026-02-19 23:29:23'),
(899, 170,  2,  0,  '2026-02-19 23:29:23'),
(900, 170,  1,  0,  '2026-02-19 23:29:23'),
(901, 171,  6,  0,  '2026-02-19 23:29:23'),
(902, 171,  5,  0,  '2026-02-19 23:29:23'),
(903, 171,  4,  0,  '2026-02-19 23:29:23'),
(904, 171,  3,  0,  '2026-02-19 23:29:23'),
(905, 171,  2,  0,  '2026-02-19 23:29:23'),
(906, 171,  1,  0,  '2026-02-19 23:29:23'),
(907, 173,  6,  0,  '2026-02-19 23:29:23'),
(908, 173,  5,  0,  '2026-02-19 23:29:23'),
(909, 173,  4,  0,  '2026-02-19 23:29:23'),
(910, 173,  3,  0,  '2026-02-19 23:29:23'),
(911, 173,  2,  0,  '2026-02-19 23:29:23'),
(912, 173,  1,  0,  '2026-02-19 23:29:23'),
(913, 174,  6,  0,  '2026-02-19 23:29:23'),
(914, 174,  5,  0,  '2026-02-19 23:29:23'),
(915, 174,  4,  0,  '2026-02-19 23:29:23'),
(916, 174,  3,  0,  '2026-02-19 23:29:23'),
(917, 174,  2,  0,  '2026-02-19 23:29:23'),
(918, 174,  1,  0,  '2026-02-19 23:29:23'),
(919, 175,  6,  0,  '2026-02-19 23:29:23'),
(920, 175,  5,  0,  '2026-02-19 23:29:23'),
(921, 175,  4,  0,  '2026-02-19 23:29:23'),
(922, 175,  3,  0,  '2026-02-19 23:29:23'),
(923, 175,  2,  0,  '2026-02-19 23:29:23'),
(924, 175,  1,  0,  '2026-02-19 23:29:23'),
(925, 176,  6,  0,  '2026-02-19 23:29:23'),
(926, 176,  5,  0,  '2026-02-19 23:29:23'),
(927, 176,  4,  0,  '2026-02-19 23:29:23'),
(928, 176,  3,  0,  '2026-02-19 23:29:23'),
(929, 176,  2,  0,  '2026-02-19 23:29:23'),
(930, 176,  1,  0,  '2026-02-19 23:29:23'),
(931, 177,  6,  0,  '2026-02-19 23:29:23'),
(932, 177,  5,  0,  '2026-02-19 23:29:23'),
(933, 177,  4,  0,  '2026-02-19 23:29:23'),
(934, 177,  3,  0,  '2026-02-19 23:29:23'),
(935, 177,  2,  0,  '2026-02-19 23:29:23'),
(936, 177,  1,  0,  '2026-02-19 23:29:23'),
(937, 178,  6,  0,  '2026-02-19 23:29:23'),
(938, 178,  5,  0,  '2026-02-19 23:29:23'),
(939, 178,  4,  0,  '2026-02-19 23:29:23'),
(940, 178,  3,  0,  '2026-02-19 23:29:23'),
(941, 178,  2,  0,  '2026-02-19 23:29:23'),
(942, 178,  1,  0,  '2026-02-19 23:29:23'),
(943, 179,  6,  0,  '2026-02-19 23:29:23'),
(944, 179,  5,  0,  '2026-02-19 23:29:23'),
(945, 179,  4,  0,  '2026-02-19 23:29:23'),
(946, 179,  3,  0,  '2026-02-19 23:29:23'),
(947, 179,  2,  0,  '2026-02-19 23:29:23'),
(948, 179,  1,  0,  '2026-02-19 23:29:23'),
(949, 180,  6,  0,  '2026-02-19 23:29:23'),
(950, 180,  5,  0,  '2026-02-19 23:29:23'),
(951, 180,  4,  0,  '2026-02-19 23:29:23'),
(952, 180,  3,  0,  '2026-02-19 23:29:23'),
(953, 180,  2,  0,  '2026-02-19 23:29:23'),
(954, 180,  1,  0,  '2026-02-19 23:29:23'),
(955, 181,  6,  0,  '2026-02-19 23:29:23'),
(956, 181,  5,  0,  '2026-02-19 23:29:23'),
(957, 181,  4,  0,  '2026-02-19 23:29:23'),
(958, 181,  3,  0,  '2026-02-19 23:29:23'),
(959, 181,  2,  0,  '2026-02-19 23:29:23'),
(960, 181,  1,  0,  '2026-02-19 23:29:23'),
(961, 182,  6,  0,  '2026-02-19 23:29:23'),
(962, 182,  5,  0,  '2026-02-19 23:29:23'),
(963, 182,  4,  0,  '2026-02-19 23:29:23'),
(964, 182,  3,  0,  '2026-02-19 23:29:23'),
(965, 182,  2,  0,  '2026-02-19 23:29:23'),
(966, 182,  1,  0,  '2026-02-19 23:29:23'),
(967, 183,  6,  0,  '2026-02-19 23:29:23'),
(968, 183,  5,  0,  '2026-02-19 23:29:23'),
(969, 183,  4,  0,  '2026-02-19 23:29:23'),
(970, 183,  3,  0,  '2026-02-19 23:29:23'),
(971, 183,  2,  0,  '2026-02-19 23:29:23'),
(972, 183,  1,  0,  '2026-02-19 23:29:23'),
(973, 184,  6,  0,  '2026-02-19 23:29:23'),
(974, 184,  5,  0,  '2026-02-19 23:29:23'),
(975, 184,  4,  0,  '2026-02-19 23:29:23'),
(976, 184,  3,  0,  '2026-02-19 23:29:23'),
(977, 184,  2,  0,  '2026-02-19 23:29:23'),
(978, 184,  1,  0,  '2026-02-19 23:29:23'),
(979, 185,  6,  0,  '2026-02-19 23:29:23'),
(980, 185,  5,  0,  '2026-02-19 23:29:23'),
(981, 185,  4,  0,  '2026-02-19 23:29:23'),
(982, 185,  3,  0,  '2026-02-19 23:29:23'),
(983, 185,  2,  0,  '2026-02-19 23:29:23'),
(984, 185,  1,  0,  '2026-02-19 23:29:23'),
(985, 186,  6,  0,  '2026-02-19 23:29:23'),
(986, 186,  5,  0,  '2026-02-19 23:29:23'),
(987, 186,  4,  0,  '2026-02-19 23:29:23'),
(988, 186,  3,  0,  '2026-02-19 23:29:23'),
(989, 186,  2,  0,  '2026-02-19 23:29:23'),
(990, 186,  1,  0,  '2026-02-19 23:29:23'),
(991, 187,  6,  0,  '2026-02-19 23:29:23'),
(992, 187,  5,  0,  '2026-02-19 23:29:23'),
(993, 187,  4,  0,  '2026-02-19 23:29:23'),
(994, 187,  3,  0,  '2026-02-19 23:29:23'),
(995, 187,  2,  0,  '2026-02-19 23:29:23'),
(996, 187,  1,  0,  '2026-02-19 23:29:23'),
(997, 188,  6,  0,  '2026-02-19 23:29:23'),
(998, 188,  5,  0,  '2026-02-19 23:29:23'),
(999, 188,  4,  0,  '2026-02-19 23:29:23'),
(1000,  188,  3,  0,  '2026-02-19 23:29:23'),
(1001,  188,  2,  0,  '2026-02-19 23:29:23'),
(1002,  188,  1,  0,  '2026-02-19 23:29:23'),
(1003,  189,  6,  0,  '2026-02-19 23:29:23'),
(1004,  189,  5,  0,  '2026-02-19 23:29:23'),
(1005,  189,  4,  0,  '2026-02-19 23:29:23'),
(1006,  189,  3,  0,  '2026-02-19 23:29:23'),
(1007,  189,  2,  0,  '2026-02-19 23:29:23'),
(1008,  189,  1,  0,  '2026-02-19 23:29:23'),
(1009,  190,  6,  0,  '2026-02-19 23:29:23'),
(1010,  190,  5,  0,  '2026-02-19 23:29:23'),
(1011,  190,  4,  0,  '2026-02-19 23:29:23'),
(1012,  190,  3,  0,  '2026-02-19 23:29:23'),
(1013,  190,  2,  0,  '2026-02-19 23:29:23'),
(1014,  190,  1,  0,  '2026-02-19 23:29:23'),
(1015,  191,  6,  0,  '2026-02-19 23:29:23'),
(1016,  191,  5,  0,  '2026-02-19 23:29:23'),
(1017,  191,  4,  0,  '2026-02-19 23:29:23'),
(1018,  191,  3,  0,  '2026-02-19 23:29:23'),
(1019,  191,  2,  0,  '2026-02-19 23:29:23'),
(1020,  191,  1,  0,  '2026-02-19 23:29:23'),
(1021,  192,  6,  0,  '2026-02-19 23:29:23'),
(1022,  192,  5,  0,  '2026-02-19 23:29:23'),
(1023,  192,  4,  0,  '2026-02-19 23:29:23'),
(1024,  192,  3,  0,  '2026-02-19 23:29:23'),
(1025,  192,  2,  0,  '2026-02-19 23:29:23'),
(1026,  192,  1,  0,  '2026-02-19 23:29:23'),
(1027,  193,  6,  0,  '2026-02-19 23:29:23'),
(1028,  193,  5,  0,  '2026-02-19 23:29:23'),
(1029,  193,  4,  0,  '2026-02-19 23:29:23'),
(1030,  193,  3,  0,  '2026-02-19 23:29:23'),
(1031,  193,  2,  0,  '2026-02-19 23:29:23'),
(1032,  193,  1,  0,  '2026-02-19 23:29:23'),
(1033,  194,  6,  0,  '2026-02-19 23:29:23'),
(1034,  194,  5,  0,  '2026-02-19 23:29:23'),
(1035,  194,  4,  0,  '2026-02-19 23:29:23'),
(1036,  194,  3,  0,  '2026-02-19 23:29:23'),
(1037,  194,  2,  0,  '2026-02-19 23:29:23'),
(1038,  194,  1,  0,  '2026-02-19 23:29:23'),
(1039,  195,  6,  0,  '2026-02-19 23:29:23'),
(1040,  195,  5,  0,  '2026-02-19 23:29:23'),
(1041,  195,  4,  0,  '2026-02-19 23:29:23'),
(1042,  195,  3,  0,  '2026-02-19 23:29:23'),
(1043,  195,  2,  0,  '2026-02-19 23:29:23'),
(1044,  195,  1,  0,  '2026-02-19 23:29:23'),
(1045,  196,  6,  0,  '2026-02-19 23:29:23'),
(1046,  196,  5,  0,  '2026-02-19 23:29:23'),
(1047,  196,  4,  0,  '2026-02-19 23:29:23'),
(1048,  196,  3,  0,  '2026-02-19 23:29:23'),
(1049,  196,  2,  0,  '2026-02-19 23:29:23'),
(1050,  196,  1,  0,  '2026-02-19 23:29:23'),
(1051,  197,  6,  0,  '2026-02-19 23:29:23'),
(1052,  197,  5,  0,  '2026-02-19 23:29:23'),
(1053,  197,  4,  0,  '2026-02-19 23:29:23'),
(1054,  197,  3,  0,  '2026-02-19 23:29:23'),
(1055,  197,  2,  0,  '2026-02-19 23:29:23'),
(1056,  197,  1,  0,  '2026-02-19 23:29:23'),
(1057,  198,  6,  0,  '2026-02-19 23:29:23'),
(1058,  198,  5,  0,  '2026-02-19 23:29:23'),
(1059,  198,  4,  0,  '2026-02-19 23:29:23'),
(1060,  198,  3,  0,  '2026-02-19 23:29:23'),
(1061,  198,  2,  0,  '2026-02-19 23:29:23'),
(1062,  198,  1,  0,  '2026-02-19 23:29:23'),
(1063,  199,  6,  0,  '2026-02-19 23:29:23'),
(1064,  199,  5,  0,  '2026-02-19 23:29:23'),
(1065,  199,  4,  0,  '2026-02-19 23:29:23'),
(1066,  199,  3,  0,  '2026-02-19 23:29:23'),
(1067,  199,  2,  0,  '2026-02-19 23:29:23'),
(1068,  199,  1,  0,  '2026-02-19 23:29:23'),
(1069,  200,  6,  0,  '2026-02-19 23:29:23'),
(1070,  200,  5,  0,  '2026-02-19 23:29:23'),
(1071,  200,  4,  0,  '2026-02-19 23:29:23'),
(1072,  200,  3,  0,  '2026-02-19 23:29:23'),
(1073,  200,  2,  0,  '2026-02-19 23:29:23'),
(1074,  200,  1,  0,  '2026-02-19 23:29:23'),
(1075,  201,  6,  0,  '2026-02-19 23:29:23'),
(1076,  201,  5,  0,  '2026-02-19 23:29:23'),
(1077,  201,  4,  0,  '2026-02-19 23:29:23'),
(1078,  201,  3,  0,  '2026-02-19 23:29:23'),
(1079,  201,  2,  0,  '2026-02-19 23:29:23'),
(1080,  201,  1,  0,  '2026-02-19 23:29:23'),
(1081,  202,  6,  0,  '2026-02-19 23:29:23'),
(1082,  202,  5,  0,  '2026-02-19 23:29:23'),
(1083,  202,  4,  0,  '2026-02-19 23:29:23'),
(1084,  202,  3,  0,  '2026-02-19 23:29:23'),
(1085,  202,  2,  0,  '2026-02-19 23:29:23'),
(1086,  202,  1,  0,  '2026-02-19 23:29:23'),
(1087,  203,  6,  0,  '2026-02-19 23:29:23'),
(1088,  203,  5,  0,  '2026-02-19 23:29:23'),
(1089,  203,  4,  0,  '2026-02-19 23:29:23'),
(1090,  203,  3,  0,  '2026-02-19 23:29:23'),
(1091,  203,  2,  0,  '2026-02-19 23:29:23'),
(1092,  203,  1,  0,  '2026-02-19 23:29:23'),
(1093,  204,  6,  0,  '2026-02-19 23:29:23'),
(1094,  204,  5,  0,  '2026-02-19 23:29:23'),
(1095,  204,  4,  0,  '2026-02-19 23:29:23'),
(1096,  204,  3,  0,  '2026-02-19 23:29:23'),
(1097,  204,  2,  0,  '2026-02-19 23:29:23'),
(1098,  204,  1,  0,  '2026-02-19 23:29:23'),
(1099,  205,  6,  0,  '2026-02-19 23:29:23'),
(1100,  205,  5,  0,  '2026-02-19 23:29:23'),
(1101,  205,  4,  0,  '2026-02-19 23:29:23'),
(1102,  205,  3,  0,  '2026-02-19 23:29:23'),
(1103,  205,  2,  0,  '2026-02-19 23:29:23'),
(1104,  205,  1,  0,  '2026-02-19 23:29:23'),
(1105,  206,  6,  0,  '2026-02-19 23:29:23'),
(1106,  206,  5,  0,  '2026-02-19 23:29:23'),
(1107,  206,  4,  0,  '2026-02-19 23:29:23'),
(1108,  206,  3,  0,  '2026-02-19 23:29:23'),
(1109,  206,  2,  0,  '2026-02-19 23:29:23'),
(1110,  206,  1,  0,  '2026-02-19 23:29:23'),
(1111,  207,  6,  0,  '2026-02-19 23:29:23'),
(1112,  207,  5,  0,  '2026-02-19 23:29:23'),
(1113,  207,  4,  0,  '2026-02-19 23:29:23'),
(1114,  207,  3,  0,  '2026-02-19 23:29:23'),
(1115,  207,  2,  0,  '2026-02-19 23:29:23'),
(1116,  207,  1,  0,  '2026-02-19 23:29:23'),
(1117,  208,  6,  0,  '2026-02-19 23:29:23'),
(1118,  208,  5,  0,  '2026-02-19 23:29:23'),
(1119,  208,  4,  0,  '2026-02-19 23:29:23'),
(1120,  208,  3,  0,  '2026-02-19 23:29:23'),
(1121,  208,  2,  0,  '2026-02-19 23:29:23'),
(1122,  208,  1,  0,  '2026-02-19 23:29:23'),
(1123,  209,  6,  0,  '2026-02-19 23:29:23'),
(1124,  209,  5,  0,  '2026-02-19 23:29:23'),
(1125,  209,  4,  0,  '2026-02-19 23:29:23'),
(1126,  209,  3,  0,  '2026-02-19 23:29:23'),
(1127,  209,  2,  0,  '2026-02-19 23:29:23'),
(1128,  209,  1,  0,  '2026-02-19 23:29:23'),
(1129,  210,  6,  0,  '2026-02-19 23:29:23'),
(1130,  210,  5,  0,  '2026-02-19 23:29:23'),
(1131,  210,  4,  0,  '2026-02-19 23:29:23'),
(1132,  210,  3,  0,  '2026-02-19 23:29:23'),
(1133,  210,  2,  0,  '2026-02-19 23:29:23'),
(1134,  210,  1,  0,  '2026-02-19 23:29:23'),
(1135,  211,  6,  0,  '2026-02-19 23:29:23'),
(1136,  211,  5,  0,  '2026-02-19 23:29:23'),
(1137,  211,  4,  0,  '2026-02-19 23:29:23'),
(1138,  211,  3,  0,  '2026-02-19 23:29:23'),
(1139,  211,  2,  0,  '2026-02-19 23:29:23'),
(1140,  211,  1,  0,  '2026-02-19 23:29:23'),
(1141,  212,  6,  0,  '2026-02-19 23:29:23'),
(1142,  212,  5,  0,  '2026-02-19 23:29:23'),
(1143,  212,  4,  0,  '2026-02-19 23:29:23'),
(1144,  212,  3,  0,  '2026-02-19 23:29:23'),
(1145,  212,  2,  0,  '2026-02-19 23:29:23'),
(1146,  212,  1,  0,  '2026-02-19 23:29:23'),
(1147,  213,  6,  0,  '2026-02-19 23:29:23'),
(1148,  213,  5,  0,  '2026-02-19 23:29:23'),
(1149,  213,  4,  0,  '2026-02-19 23:29:23'),
(1150,  213,  3,  0,  '2026-02-19 23:29:23'),
(1151,  213,  2,  0,  '2026-02-19 23:29:23'),
(1152,  213,  1,  0,  '2026-02-19 23:29:23'),
(1153,  214,  6,  0,  '2026-02-19 23:29:23'),
(1154,  214,  5,  0,  '2026-02-19 23:29:23'),
(1155,  214,  4,  0,  '2026-02-19 23:29:23'),
(1156,  214,  3,  0,  '2026-02-19 23:29:23'),
(1157,  214,  2,  0,  '2026-02-19 23:29:23'),
(1158,  214,  1,  0,  '2026-02-19 23:29:23'),
(1159,  215,  6,  0,  '2026-02-19 23:29:23'),
(1160,  215,  5,  0,  '2026-02-19 23:29:23'),
(1161,  215,  4,  0,  '2026-02-19 23:29:23'),
(1162,  215,  3,  0,  '2026-02-19 23:29:23'),
(1163,  215,  2,  0,  '2026-02-19 23:29:23'),
(1164,  215,  1,  0,  '2026-02-19 23:29:23'),
(1165,  216,  6,  0,  '2026-02-19 23:29:23'),
(1166,  216,  5,  0,  '2026-02-19 23:29:23'),
(1167,  216,  4,  0,  '2026-02-19 23:29:23'),
(1168,  216,  3,  0,  '2026-02-19 23:29:23'),
(1169,  216,  2,  0,  '2026-02-19 23:29:23'),
(1170,  216,  1,  0,  '2026-02-19 23:29:23'),
(1171,  217,  6,  0,  '2026-02-19 23:29:23'),
(1172,  217,  5,  0,  '2026-02-19 23:29:23'),
(1173,  217,  4,  0,  '2026-02-19 23:29:23'),
(1174,  217,  3,  0,  '2026-02-19 23:29:23'),
(1175,  217,  2,  0,  '2026-02-19 23:29:23'),
(1176,  217,  1,  0,  '2026-02-19 23:29:23'),
(1177,  218,  6,  0,  '2026-02-19 23:29:23'),
(1178,  218,  5,  0,  '2026-02-19 23:29:23'),
(1179,  218,  4,  0,  '2026-02-19 23:29:23'),
(1180,  218,  3,  0,  '2026-02-19 23:29:23'),
(1181,  218,  2,  0,  '2026-02-19 23:29:23'),
(1182,  218,  1,  0,  '2026-02-19 23:29:23'),
(1183,  219,  6,  0,  '2026-02-19 23:29:23'),
(1184,  219,  5,  0,  '2026-02-19 23:29:23'),
(1185,  219,  4,  0,  '2026-02-19 23:29:23'),
(1186,  219,  3,  0,  '2026-02-19 23:29:23'),
(1187,  219,  2,  0,  '2026-02-19 23:29:23'),
(1188,  219,  1,  0,  '2026-02-19 23:29:23'),
(1189,  220,  6,  0,  '2026-02-19 23:29:23'),
(1190,  220,  5,  0,  '2026-02-19 23:29:23'),
(1191,  220,  4,  0,  '2026-02-19 23:29:23'),
(1192,  220,  3,  0,  '2026-02-19 23:29:23'),
(1193,  220,  2,  0,  '2026-02-19 23:29:23'),
(1194,  220,  1,  0,  '2026-02-19 23:29:23'),
(1195,  221,  6,  0,  '2026-02-19 23:29:23'),
(1196,  221,  5,  0,  '2026-02-19 23:29:23'),
(1197,  221,  4,  0,  '2026-02-19 23:29:23'),
(1198,  221,  3,  0,  '2026-02-19 23:29:23'),
(1199,  221,  2,  0,  '2026-02-19 23:29:23'),
(1200,  221,  1,  0,  '2026-02-19 23:29:23'),
(1201,  222,  6,  0,  '2026-02-19 23:29:23'),
(1202,  222,  5,  0,  '2026-02-19 23:29:23'),
(1203,  222,  4,  0,  '2026-02-19 23:29:23'),
(1204,  222,  3,  0,  '2026-02-19 23:29:23'),
(1205,  222,  2,  0,  '2026-02-19 23:29:23'),
(1206,  222,  1,  0,  '2026-02-19 23:29:23'),
(1207,  223,  6,  0,  '2026-02-19 23:29:23'),
(1208,  223,  5,  0,  '2026-02-19 23:29:23'),
(1209,  223,  4,  0,  '2026-02-19 23:29:23'),
(1210,  223,  3,  0,  '2026-02-19 23:29:23'),
(1211,  223,  2,  0,  '2026-02-19 23:29:23'),
(1212,  223,  1,  0,  '2026-02-19 23:29:23'),
(1213,  224,  6,  0,  '2026-02-19 23:29:23'),
(1214,  224,  5,  0,  '2026-02-19 23:29:23'),
(1215,  224,  4,  0,  '2026-02-19 23:29:23'),
(1216,  224,  3,  0,  '2026-02-19 23:29:23'),
(1217,  224,  2,  0,  '2026-02-19 23:29:23'),
(1218,  224,  1,  0,  '2026-02-19 23:29:23'),
(1219,  225,  6,  0,  '2026-02-19 23:29:23'),
(1220,  225,  5,  0,  '2026-02-19 23:29:23'),
(1221,  225,  4,  0,  '2026-02-19 23:29:23'),
(1222,  225,  3,  0,  '2026-02-19 23:29:23'),
(1223,  225,  2,  0,  '2026-02-19 23:29:23'),
(1224,  225,  1,  0,  '2026-02-19 23:29:23'),
(1225,  226,  6,  0,  '2026-02-19 23:29:23'),
(1226,  226,  5,  0,  '2026-02-19 23:29:23'),
(1227,  226,  4,  0,  '2026-02-19 23:29:23'),
(1228,  226,  3,  0,  '2026-02-19 23:29:23'),
(1229,  226,  2,  0,  '2026-02-19 23:29:23'),
(1230,  226,  1,  0,  '2026-02-19 23:29:23'),
(1231,  227,  6,  0,  '2026-02-19 23:29:23'),
(1232,  227,  5,  0,  '2026-02-19 23:29:23'),
(1233,  227,  4,  0,  '2026-02-19 23:29:23'),
(1234,  227,  3,  0,  '2026-02-19 23:29:23'),
(1235,  227,  2,  0,  '2026-02-19 23:29:23'),
(1236,  227,  1,  0,  '2026-02-19 23:29:23'),
(1237,  228,  6,  0,  '2026-02-19 23:29:23'),
(1238,  228,  5,  0,  '2026-02-19 23:29:23'),
(1239,  228,  4,  0,  '2026-02-19 23:29:23'),
(1240,  228,  3,  0,  '2026-02-19 23:29:23'),
(1241,  228,  2,  0,  '2026-02-19 23:29:23'),
(1242,  228,  1,  0,  '2026-02-19 23:29:23'),
(1243,  229,  6,  0,  '2026-02-19 23:29:23'),
(1244,  229,  5,  0,  '2026-02-19 23:29:23'),
(1245,  229,  4,  0,  '2026-02-19 23:29:23'),
(1246,  229,  3,  0,  '2026-02-19 23:29:23'),
(1247,  229,  2,  0,  '2026-02-19 23:29:23'),
(1248,  229,  1,  0,  '2026-02-19 23:29:23'),
(1249,  230,  6,  0,  '2026-02-19 23:29:23'),
(1250,  230,  5,  0,  '2026-02-19 23:29:23'),
(1251,  230,  4,  0,  '2026-02-19 23:29:23'),
(1252,  230,  3,  0,  '2026-02-19 23:29:23'),
(1253,  230,  2,  0,  '2026-02-19 23:29:23'),
(1254,  230,  1,  0,  '2026-02-19 23:29:23'),
(1255,  231,  6,  0,  '2026-02-19 23:29:23'),
(1256,  231,  5,  0,  '2026-02-19 23:29:23'),
(1257,  231,  4,  0,  '2026-02-19 23:29:23'),
(1258,  231,  3,  0,  '2026-02-19 23:29:23'),
(1259,  231,  2,  0,  '2026-02-19 23:29:23'),
(1260,  231,  1,  0,  '2026-02-19 23:29:23'),
(1261,  232,  6,  0,  '2026-02-19 23:29:23'),
(1262,  232,  5,  0,  '2026-02-19 23:29:23'),
(1263,  232,  4,  0,  '2026-02-19 23:29:23'),
(1264,  232,  3,  0,  '2026-02-19 23:29:23'),
(1265,  232,  2,  0,  '2026-02-19 23:29:23'),
(1266,  232,  1,  0,  '2026-02-19 23:29:23'),
(1267,  233,  6,  0,  '2026-02-19 23:29:23'),
(1268,  233,  5,  0,  '2026-02-19 23:29:23'),
(1269,  233,  4,  0,  '2026-02-19 23:29:23'),
(1270,  233,  3,  0,  '2026-02-19 23:29:23'),
(1271,  233,  2,  0,  '2026-02-19 23:29:23'),
(1272,  233,  1,  0,  '2026-02-19 23:29:23'),
(1273,  234,  6,  0,  '2026-02-19 23:29:23'),
(1274,  234,  5,  0,  '2026-02-19 23:29:23'),
(1275,  234,  4,  100,  '2026-02-25 01:23:48'),
(1276,  234,  3,  0,  '2026-02-19 23:29:23'),
(1277,  234,  2,  0,  '2026-02-19 23:29:23'),
(1278,  234,  1,  -5, '2026-02-26 21:16:23'),
(1279,  235,  6,  0,  '2026-02-19 23:29:23'),
(1280,  235,  5,  0,  '2026-02-19 23:29:23'),
(1281,  235,  4,  0,  '2026-02-19 23:29:23'),
(1282,  235,  3,  0,  '2026-02-19 23:29:23'),
(1283,  235,  2,  0,  '2026-02-19 23:29:23'),
(1284,  235,  1,  0,  '2026-02-19 23:29:23'),
(1285,  236,  6,  0,  '2026-02-19 23:29:23'),
(1286,  236,  5,  0,  '2026-02-19 23:29:23'),
(1287,  236,  4,  0,  '2026-02-19 23:29:23'),
(1288,  236,  3,  0,  '2026-02-19 23:29:23'),
(1289,  236,  2,  0,  '2026-02-19 23:29:23'),
(1290,  236,  1,  0,  '2026-02-19 23:29:23'),
(1291,  237,  6,  0,  '2026-02-19 23:29:23'),
(1292,  237,  5,  0,  '2026-02-19 23:29:23'),
(1293,  237,  4,  0,  '2026-02-19 23:29:23'),
(1294,  237,  3,  0,  '2026-02-19 23:29:23'),
(1295,  237,  2,  0,  '2026-02-19 23:29:23'),
(1296,  237,  1,  0,  '2026-02-19 23:29:23'),
(1297,  238,  6,  0,  '2026-02-19 23:29:23'),
(1298,  238,  5,  0,  '2026-02-19 23:29:23'),
(1299,  238,  4,  0,  '2026-02-19 23:29:23'),
(1300,  238,  3,  0,  '2026-02-19 23:29:23'),
(1301,  238,  2,  0,  '2026-02-19 23:29:23'),
(1302,  238,  1,  0,  '2026-02-19 23:29:23'),
(1303,  239,  6,  0,  '2026-02-19 23:29:23'),
(1304,  239,  5,  0,  '2026-02-19 23:29:23'),
(1305,  239,  4,  0,  '2026-02-19 23:29:23'),
(1306,  239,  3,  0,  '2026-02-19 23:29:23'),
(1307,  239,  2,  0,  '2026-02-19 23:29:23'),
(1308,  239,  1,  0,  '2026-02-19 23:29:23'),
(1309,  240,  6,  0,  '2026-02-19 23:29:23'),
(1310,  240,  5,  0,  '2026-02-19 23:29:23'),
(1311,  240,  4,  0,  '2026-02-19 23:29:23'),
(1312,  240,  3,  0,  '2026-02-19 23:29:23'),
(1313,  240,  2,  0,  '2026-02-19 23:29:23'),
(1314,  240,  1,  0,  '2026-02-19 23:29:23'),
(1315,  241,  6,  0,  '2026-02-19 23:29:23'),
(1316,  241,  5,  0,  '2026-02-19 23:29:23'),
(1317,  241,  4,  0,  '2026-02-19 23:29:23'),
(1318,  241,  3,  0,  '2026-02-19 23:29:23'),
(1319,  241,  2,  0,  '2026-02-19 23:29:23'),
(1320,  241,  1,  0,  '2026-02-19 23:29:23'),
(1321,  242,  6,  0,  '2026-02-19 23:29:23'),
(1322,  242,  5,  0,  '2026-02-19 23:29:23'),
(1323,  242,  4,  0,  '2026-02-19 23:29:23'),
(1324,  242,  3,  0,  '2026-02-19 23:29:23'),
(1325,  242,  2,  0,  '2026-02-19 23:29:23'),
(1326,  242,  1,  0,  '2026-02-19 23:29:23'),
(1327,  243,  6,  0,  '2026-02-19 23:29:23'),
(1328,  243,  5,  0,  '2026-02-19 23:29:23'),
(1329,  243,  4,  0,  '2026-02-19 23:29:23'),
(1330,  243,  3,  0,  '2026-02-19 23:29:23'),
(1331,  243,  2,  0,  '2026-02-19 23:29:23'),
(1332,  243,  1,  0,  '2026-02-19 23:29:23'),
(1333,  244,  6,  0,  '2026-02-19 23:29:23'),
(1334,  244,  5,  0,  '2026-02-19 23:29:23'),
(1335,  244,  4,  0,  '2026-02-19 23:29:23'),
(1336,  244,  3,  0,  '2026-02-19 23:29:23'),
(1337,  244,  2,  0,  '2026-02-19 23:29:23'),
(1338,  244,  1,  0,  '2026-02-19 23:29:23'),
(1339,  245,  6,  0,  '2026-02-19 23:29:23'),
(1340,  245,  5,  0,  '2026-02-19 23:29:23'),
(1341,  245,  4,  0,  '2026-02-19 23:29:23'),
(1342,  245,  3,  0,  '2026-02-19 23:29:23'),
(1343,  245,  2,  0,  '2026-02-19 23:29:23'),
(1344,  245,  1,  0,  '2026-02-19 23:29:23'),
(1345,  246,  6,  0,  '2026-02-19 23:29:23'),
(1346,  246,  5,  0,  '2026-02-19 23:29:23'),
(1347,  246,  4,  0,  '2026-02-19 23:29:23'),
(1348,  246,  3,  0,  '2026-02-19 23:29:23'),
(1349,  246,  2,  0,  '2026-02-19 23:29:23'),
(1350,  246,  1,  0,  '2026-02-19 23:29:23'),
(1351,  247,  6,  0,  '2026-02-19 23:29:23'),
(1352,  247,  5,  0,  '2026-02-19 23:29:23'),
(1353,  247,  4,  0,  '2026-02-19 23:29:23'),
(1354,  247,  3,  0,  '2026-02-19 23:29:23'),
(1355,  247,  2,  0,  '2026-02-19 23:29:23'),
(1356,  247,  1,  0,  '2026-02-19 23:29:23'),
(1357,  248,  6,  0,  '2026-02-19 23:29:23'),
(1358,  248,  5,  0,  '2026-02-19 23:29:23'),
(1359,  248,  4,  0,  '2026-02-19 23:29:23'),
(1360,  248,  3,  0,  '2026-02-19 23:29:23'),
(1361,  248,  2,  0,  '2026-02-19 23:29:23'),
(1362,  248,  1,  0,  '2026-02-19 23:29:23'),
(1363,  249,  6,  0,  '2026-02-19 23:29:23'),
(1364,  249,  5,  0,  '2026-02-19 23:29:23'),
(1365,  249,  4,  0,  '2026-02-19 23:29:23'),
(1366,  249,  3,  0,  '2026-02-19 23:29:23'),
(1367,  249,  2,  0,  '2026-02-19 23:29:23'),
(1368,  249,  1,  0,  '2026-02-19 23:29:23'),
(1369,  250,  6,  0,  '2026-02-19 23:29:23'),
(1370,  250,  5,  0,  '2026-02-19 23:29:23'),
(1371,  250,  4,  0,  '2026-02-19 23:29:23'),
(1372,  250,  3,  0,  '2026-02-19 23:29:23'),
(1373,  250,  2,  0,  '2026-02-19 23:29:23'),
(1374,  250,  1,  0,  '2026-02-19 23:29:23'),
(1375,  251,  6,  0,  '2026-02-19 23:29:23'),
(1376,  251,  5,  0,  '2026-02-19 23:29:23'),
(1377,  251,  4,  0,  '2026-02-19 23:29:23'),
(1378,  251,  3,  0,  '2026-02-19 23:29:23'),
(1379,  251,  2,  0,  '2026-02-19 23:29:23'),
(1380,  251,  1,  0,  '2026-02-19 23:29:23'),
(1381,  252,  6,  0,  '2026-02-19 23:29:23'),
(1382,  252,  5,  0,  '2026-02-19 23:29:23'),
(1383,  252,  4,  0,  '2026-02-19 23:29:23'),
(1384,  252,  3,  0,  '2026-02-19 23:29:23'),
(1385,  252,  2,  0,  '2026-02-19 23:29:23'),
(1386,  252,  1,  0,  '2026-02-19 23:29:23'),
(1387,  253,  6,  0,  '2026-02-19 23:29:23'),
(1388,  253,  5,  0,  '2026-02-19 23:29:23'),
(1389,  253,  4,  0,  '2026-02-19 23:29:23'),
(1390,  253,  3,  0,  '2026-02-19 23:29:23'),
(1391,  253,  2,  0,  '2026-02-19 23:29:23'),
(1392,  253,  1,  0,  '2026-02-19 23:29:23'),
(1393,  254,  6,  0,  '2026-02-19 23:29:23'),
(1394,  254,  5,  0,  '2026-02-19 23:29:23'),
(1395,  254,  4,  0,  '2026-02-19 23:29:23'),
(1396,  254,  3,  0,  '2026-02-19 23:29:23'),
(1397,  254,  2,  0,  '2026-02-19 23:29:23'),
(1398,  254,  1,  0,  '2026-02-19 23:29:23'),
(1399,  255,  6,  0,  '2026-02-19 23:29:23'),
(1400,  255,  5,  0,  '2026-02-19 23:29:23'),
(1401,  255,  4,  0,  '2026-02-19 23:29:23'),
(1402,  255,  3,  0,  '2026-02-19 23:29:23'),
(1403,  255,  2,  0,  '2026-02-19 23:29:23'),
(1404,  255,  1,  0,  '2026-02-19 23:29:23'),
(1405,  256,  6,  0,  '2026-02-19 23:29:23'),
(1406,  256,  5,  0,  '2026-02-19 23:29:23'),
(1407,  256,  4,  0,  '2026-02-19 23:29:23'),
(1408,  256,  3,  0,  '2026-02-19 23:29:23'),
(1409,  256,  2,  0,  '2026-02-19 23:29:23'),
(1410,  256,  1,  0,  '2026-02-19 23:29:23'),
(1411,  257,  6,  0,  '2026-02-19 23:29:23'),
(1412,  257,  5,  0,  '2026-02-19 23:29:23'),
(1413,  257,  4,  0,  '2026-02-19 23:29:23'),
(1414,  257,  3,  0,  '2026-02-19 23:29:23'),
(1415,  257,  2,  0,  '2026-02-19 23:29:23'),
(1416,  257,  1,  0,  '2026-02-19 23:29:23'),
(1417,  258,  6,  0,  '2026-02-19 23:29:23'),
(1418,  258,  5,  0,  '2026-02-19 23:29:23'),
(1419,  258,  4,  0,  '2026-02-19 23:29:23'),
(1420,  258,  3,  0,  '2026-02-19 23:29:23'),
(1421,  258,  2,  0,  '2026-02-19 23:29:23'),
(1422,  258,  1,  0,  '2026-02-19 23:29:23'),
(1423,  259,  6,  0,  '2026-02-19 23:29:23'),
(1424,  259,  5,  0,  '2026-02-19 23:29:23'),
(1425,  259,  4,  0,  '2026-02-19 23:29:23'),
(1426,  259,  3,  0,  '2026-02-19 23:29:23'),
(1427,  259,  2,  0,  '2026-02-19 23:29:23'),
(1428,  259,  1,  0,  '2026-02-19 23:29:23'),
(1429,  260,  6,  0,  '2026-02-19 23:29:23'),
(1430,  260,  5,  0,  '2026-02-19 23:29:23'),
(1431,  260,  4,  0,  '2026-02-19 23:29:23'),
(1432,  260,  3,  0,  '2026-02-19 23:29:23'),
(1433,  260,  2,  0,  '2026-02-19 23:29:23'),
(1434,  260,  1,  0,  '2026-02-19 23:29:23'),
(1435,  261,  6,  0,  '2026-02-19 23:29:23'),
(1436,  261,  5,  0,  '2026-02-19 23:29:23'),
(1437,  261,  4,  0,  '2026-02-19 23:29:23'),
(1438,  261,  3,  0,  '2026-02-19 23:29:23'),
(1439,  261,  2,  0,  '2026-02-19 23:29:23'),
(1440,  261,  1,  0,  '2026-02-19 23:29:23'),
(1441,  262,  6,  0,  '2026-02-19 23:29:23'),
(1442,  262,  5,  0,  '2026-02-19 23:29:23'),
(1443,  262,  4,  0,  '2026-02-19 23:29:23'),
(1444,  262,  3,  0,  '2026-02-19 23:29:23'),
(1445,  262,  2,  0,  '2026-02-19 23:29:23'),
(1446,  262,  1,  0,  '2026-02-19 23:29:23'),
(1447,  263,  6,  0,  '2026-02-19 23:29:23'),
(1448,  263,  5,  0,  '2026-02-19 23:29:23'),
(1449,  263,  4,  0,  '2026-02-19 23:29:23'),
(1450,  263,  3,  0,  '2026-02-19 23:29:23'),
(1451,  263,  2,  0,  '2026-02-19 23:29:23'),
(1452,  263,  1,  0,  '2026-02-19 23:29:23'),
(1453,  264,  6,  0,  '2026-02-19 23:29:23'),
(1454,  264,  5,  0,  '2026-02-19 23:29:23'),
(1455,  264,  4,  0,  '2026-02-19 23:29:23'),
(1456,  264,  3,  0,  '2026-02-19 23:29:23'),
(1457,  264,  2,  0,  '2026-02-19 23:29:23'),
(1458,  264,  1,  0,  '2026-02-19 23:29:23'),
(1459,  265,  6,  0,  '2026-02-19 23:29:23'),
(1460,  265,  5,  0,  '2026-02-19 23:29:23'),
(1461,  265,  4,  0,  '2026-02-19 23:29:23'),
(1462,  265,  3,  0,  '2026-02-19 23:29:23'),
(1463,  265,  2,  0,  '2026-02-19 23:29:23'),
(1464,  265,  1,  0,  '2026-02-19 23:29:23'),
(1465,  266,  6,  0,  '2026-02-19 23:29:23'),
(1466,  266,  5,  0,  '2026-02-19 23:29:23'),
(1467,  266,  4,  0,  '2026-02-19 23:29:23'),
(1468,  266,  3,  0,  '2026-02-19 23:29:23'),
(1469,  266,  2,  0,  '2026-02-19 23:29:23'),
(1470,  266,  1,  0,  '2026-02-19 23:29:23'),
(1471,  267,  6,  0,  '2026-02-19 23:29:23'),
(1472,  267,  5,  0,  '2026-02-19 23:29:23'),
(1473,  267,  4,  0,  '2026-02-19 23:29:23'),
(1474,  267,  3,  0,  '2026-02-19 23:29:23'),
(1475,  267,  2,  0,  '2026-02-19 23:29:23'),
(1476,  267,  1,  0,  '2026-02-19 23:29:23'),
(1477,  268,  6,  0,  '2026-02-19 23:29:23'),
(1478,  268,  5,  0,  '2026-02-19 23:29:23'),
(1479,  268,  4,  0,  '2026-02-19 23:29:23'),
(1480,  268,  3,  0,  '2026-02-19 23:29:23'),
(1481,  268,  2,  0,  '2026-02-19 23:29:23'),
(1482,  268,  1,  0,  '2026-02-19 23:29:23'),
(1483,  269,  6,  0,  '2026-02-19 23:29:23'),
(1484,  269,  5,  0,  '2026-02-19 23:29:23'),
(1485,  269,  4,  0,  '2026-02-19 23:29:23'),
(1486,  269,  3,  0,  '2026-02-19 23:29:23'),
(1487,  269,  2,  0,  '2026-02-19 23:29:23'),
(1488,  269,  1,  0,  '2026-02-19 23:29:23'),
(1489,  270,  6,  0,  '2026-02-19 23:29:23'),
(1490,  270,  5,  0,  '2026-02-19 23:29:23'),
(1491,  270,  4,  0,  '2026-02-19 23:29:23'),
(1492,  270,  3,  0,  '2026-02-19 23:29:23'),
(1493,  270,  2,  0,  '2026-02-19 23:29:23'),
(1494,  270,  1,  0,  '2026-02-19 23:29:23'),
(1495,  271,  6,  0,  '2026-02-19 23:29:23'),
(1496,  271,  5,  0,  '2026-02-19 23:29:23'),
(1497,  271,  4,  0,  '2026-02-19 23:29:23'),
(1498,  271,  3,  0,  '2026-02-19 23:29:23'),
(1499,  271,  2,  0,  '2026-02-19 23:29:23'),
(1500,  271,  1,  0,  '2026-02-19 23:29:23'),
(1501,  272,  6,  0,  '2026-02-19 23:29:23'),
(1502,  272,  5,  0,  '2026-02-19 23:29:23'),
(1503,  272,  4,  0,  '2026-02-19 23:29:23'),
(1504,  272,  3,  0,  '2026-02-19 23:29:23'),
(1505,  272,  2,  0,  '2026-02-19 23:29:23'),
(1506,  272,  1,  0,  '2026-02-19 23:29:23'),
(1507,  273,  6,  0,  '2026-02-19 23:29:23'),
(1508,  273,  5,  0,  '2026-02-19 23:29:23'),
(1509,  273,  4,  7,  '2026-02-25 01:45:51'),
(1510,  273,  3,  0,  '2026-02-19 23:29:23'),
(1511,  273,  2,  0,  '2026-02-19 23:29:23'),
(1512,  273,  1,  0,  '2026-02-26 21:16:23'),
(1513,  274,  6,  0,  '2026-02-19 23:29:23'),
(1514,  274,  5,  0,  '2026-02-19 23:29:23'),
(1515,  274,  4,  0,  '2026-02-19 23:29:23'),
(1516,  274,  3,  0,  '2026-02-19 23:29:23'),
(1517,  274,  2,  0,  '2026-02-19 23:29:23'),
(1518,  274,  1,  0,  '2026-02-19 23:29:23'),
(1519,  275,  6,  0,  '2026-02-19 23:29:23'),
(1520,  275,  5,  0,  '2026-02-19 23:29:23'),
(1521,  275,  4,  0,  '2026-02-19 23:29:23'),
(1522,  275,  3,  0,  '2026-02-19 23:29:23'),
(1523,  275,  2,  0,  '2026-02-19 23:29:23'),
(1524,  275,  1,  0,  '2026-02-19 23:29:23'),
(1525,  276,  6,  0,  '2026-02-19 23:29:23'),
(1526,  276,  5,  0,  '2026-02-19 23:29:23'),
(1527,  276,  4,  0,  '2026-02-19 23:29:23'),
(1528,  276,  3,  0,  '2026-02-19 23:29:23'),
(1529,  276,  2,  0,  '2026-02-19 23:29:23'),
(1530,  276,  1,  0,  '2026-02-19 23:29:23'),
(1531,  277,  6,  0,  '2026-02-19 23:29:23'),
(1532,  277,  5,  0,  '2026-02-19 23:29:23'),
(1533,  277,  4,  0,  '2026-02-19 23:29:23'),
(1534,  277,  3,  0,  '2026-02-19 23:29:23'),
(1535,  277,  2,  0,  '2026-02-19 23:29:23'),
(1536,  277,  1,  0,  '2026-02-19 23:29:23'),
(1537,  278,  6,  0,  '2026-02-19 23:29:23'),
(1538,  278,  5,  0,  '2026-02-19 23:29:23'),
(1539,  278,  4,  0,  '2026-02-19 23:29:23'),
(1540,  278,  3,  0,  '2026-02-19 23:29:23'),
(1541,  278,  2,  0,  '2026-02-19 23:29:23'),
(1542,  278,  1,  0,  '2026-02-19 23:29:23'),
(1543,  279,  6,  0,  '2026-02-19 23:29:23'),
(1544,  279,  5,  0,  '2026-02-19 23:29:23'),
(1545,  279,  4,  0,  '2026-02-19 23:29:23'),
(1546,  279,  3,  0,  '2026-02-19 23:29:23'),
(1547,  279,  2,  0,  '2026-02-19 23:29:23'),
(1548,  279,  1,  0,  '2026-02-19 23:29:23'),
(1549,  280,  6,  0,  '2026-02-19 23:29:23'),
(1550,  280,  5,  0,  '2026-02-19 23:29:23'),
(1551,  280,  4,  0,  '2026-02-19 23:29:23'),
(1552,  280,  3,  0,  '2026-02-19 23:29:23'),
(1553,  280,  2,  0,  '2026-02-19 23:29:23'),
(1554,  280,  1,  0,  '2026-02-19 23:29:23'),
(1555,  281,  6,  0,  '2026-02-19 23:29:23'),
(1556,  281,  5,  0,  '2026-02-19 23:29:23'),
(1557,  281,  4,  0,  '2026-02-19 23:29:23'),
(1558,  281,  3,  0,  '2026-02-19 23:29:23'),
(1559,  281,  2,  0,  '2026-02-19 23:29:23'),
(1560,  281,  1,  0,  '2026-02-19 23:29:23'),
(1561,  282,  6,  0,  '2026-02-19 23:29:23'),
(1562,  282,  5,  0,  '2026-02-19 23:29:23'),
(1563,  282,  4,  0,  '2026-02-19 23:29:23'),
(1564,  282,  3,  0,  '2026-02-19 23:29:23'),
(1565,  282,  2,  0,  '2026-02-19 23:29:23'),
(1566,  282,  1,  0,  '2026-02-19 23:29:23'),
(1567,  283,  6,  0,  '2026-02-19 23:29:23'),
(1568,  283,  5,  0,  '2026-02-19 23:29:23'),
(1569,  283,  4,  0,  '2026-02-19 23:29:23'),
(1570,  283,  3,  0,  '2026-02-19 23:29:23'),
(1571,  283,  2,  0,  '2026-02-19 23:29:23'),
(1572,  283,  1,  0,  '2026-02-19 23:29:23'),
(1573,  284,  6,  0,  '2026-02-19 23:29:23'),
(1574,  284,  5,  0,  '2026-02-19 23:29:23'),
(1575,  284,  4,  0,  '2026-02-19 23:29:23'),
(1576,  284,  3,  0,  '2026-02-19 23:29:23'),
(1577,  284,  2,  0,  '2026-02-19 23:29:23'),
(1578,  284,  1,  0,  '2026-02-19 23:29:23'),
(1579,  285,  6,  0,  '2026-02-19 23:29:23'),
(1580,  285,  5,  0,  '2026-02-19 23:29:23'),
(1581,  285,  4,  0,  '2026-02-19 23:29:23'),
(1582,  285,  3,  0,  '2026-02-19 23:29:23'),
(1583,  285,  2,  0,  '2026-02-19 23:29:23'),
(1584,  285,  1,  0,  '2026-02-19 23:29:23'),
(1585,  286,  6,  0,  '2026-02-19 23:29:23'),
(1586,  286,  5,  0,  '2026-02-19 23:29:23'),
(1587,  286,  4,  0,  '2026-02-19 23:29:23'),
(1588,  286,  3,  0,  '2026-02-19 23:29:23'),
(1589,  286,  2,  0,  '2026-02-19 23:29:23'),
(1590,  286,  1,  0,  '2026-02-19 23:29:23'),
(1591,  287,  6,  0,  '2026-02-19 23:29:23'),
(1592,  287,  5,  0,  '2026-02-19 23:29:23'),
(1593,  287,  4,  0,  '2026-02-19 23:29:23'),
(1594,  287,  3,  0,  '2026-02-19 23:29:23'),
(1595,  287,  2,  0,  '2026-02-19 23:29:23'),
(1596,  287,  1,  0,  '2026-02-19 23:29:23'),
(1597,  288,  6,  0,  '2026-02-19 23:29:23'),
(1598,  288,  5,  0,  '2026-02-19 23:29:23'),
(1599,  288,  4,  0,  '2026-02-19 23:29:23'),
(1600,  288,  3,  0,  '2026-02-19 23:29:23'),
(1601,  288,  2,  0,  '2026-02-19 23:29:23'),
(1602,  288,  1,  0,  '2026-02-19 23:29:23'),
(1603,  289,  6,  0,  '2026-02-19 23:29:23'),
(1604,  289,  5,  0,  '2026-02-19 23:29:23'),
(1605,  289,  4,  0,  '2026-02-19 23:29:23'),
(1606,  289,  3,  0,  '2026-02-19 23:29:23'),
(1607,  289,  2,  0,  '2026-02-19 23:29:23'),
(1608,  289,  1,  0,  '2026-02-19 23:29:23'),
(1609,  290,  6,  0,  '2026-02-19 23:29:23'),
(1610,  290,  5,  0,  '2026-02-19 23:29:23'),
(1611,  290,  4,  0,  '2026-02-19 23:29:23'),
(1612,  290,  3,  0,  '2026-02-19 23:29:23'),
(1613,  290,  2,  0,  '2026-02-19 23:29:23'),
(1614,  290,  1,  0,  '2026-02-19 23:29:23'),
(1615,  291,  6,  0,  '2026-02-19 23:29:23'),
(1616,  291,  5,  0,  '2026-02-19 23:29:23'),
(1617,  291,  4,  0,  '2026-02-19 23:29:23'),
(1618,  291,  3,  0,  '2026-02-19 23:29:23'),
(1619,  291,  2,  0,  '2026-02-19 23:29:23'),
(1620,  291,  1,  0,  '2026-02-19 23:29:23'),
(1621,  292,  6,  0,  '2026-02-19 23:29:23'),
(1622,  292,  5,  0,  '2026-02-19 23:29:23'),
(1623,  292,  4,  0,  '2026-02-19 23:29:23'),
(1624,  292,  3,  0,  '2026-02-19 23:29:23'),
(1625,  292,  2,  0,  '2026-02-19 23:29:23'),
(1626,  292,  1,  0,  '2026-02-19 23:29:23'),
(1627,  293,  6,  0,  '2026-02-19 23:29:23'),
(1628,  293,  5,  0,  '2026-02-19 23:29:23'),
(1629,  293,  4,  0,  '2026-02-19 23:29:23'),
(1630,  293,  3,  0,  '2026-02-19 23:29:23'),
(1631,  293,  2,  0,  '2026-02-19 23:29:23'),
(1632,  293,  1,  0,  '2026-02-19 23:29:23'),
(1633,  294,  6,  0,  '2026-02-19 23:29:23'),
(1634,  294,  5,  0,  '2026-02-19 23:29:23'),
(1635,  294,  4,  0,  '2026-02-19 23:29:23'),
(1636,  294,  3,  0,  '2026-02-19 23:29:23'),
(1637,  294,  2,  0,  '2026-02-19 23:29:23'),
(1638,  294,  1,  0,  '2026-02-19 23:29:23'),
(1639,  295,  6,  0,  '2026-02-19 23:29:23'),
(1640,  295,  5,  0,  '2026-02-19 23:29:23'),
(1641,  295,  4,  0,  '2026-02-19 23:29:23'),
(1642,  295,  3,  0,  '2026-02-19 23:29:23'),
(1643,  295,  2,  0,  '2026-02-19 23:29:23'),
(1644,  295,  1,  0,  '2026-02-19 23:29:23'),
(1645,  296,  6,  0,  '2026-02-19 23:29:23'),
(1646,  296,  5,  0,  '2026-02-19 23:29:23'),
(1647,  296,  4,  0,  '2026-02-19 23:29:23'),
(1648,  296,  3,  0,  '2026-02-19 23:29:23'),
(1649,  296,  2,  0,  '2026-02-19 23:29:23'),
(1650,  296,  1,  0,  '2026-02-19 23:29:23'),
(1651,  297,  6,  0,  '2026-02-19 23:29:23'),
(1652,  297,  5,  0,  '2026-02-19 23:29:23'),
(1653,  297,  4,  0,  '2026-02-19 23:29:23'),
(1654,  297,  3,  0,  '2026-02-19 23:29:23'),
(1655,  297,  2,  0,  '2026-02-19 23:29:23'),
(1656,  297,  1,  0,  '2026-02-19 23:29:23'),
(1657,  298,  6,  0,  '2026-02-19 23:29:23'),
(1658,  298,  5,  0,  '2026-02-19 23:29:23'),
(1659,  298,  4,  0,  '2026-02-19 23:29:23'),
(1660,  298,  3,  0,  '2026-02-19 23:29:23'),
(1661,  298,  2,  0,  '2026-02-19 23:29:23'),
(1662,  298,  1,  0,  '2026-02-19 23:29:23'),
(1663,  299,  6,  0,  '2026-02-19 23:29:23'),
(1664,  299,  5,  0,  '2026-02-19 23:29:23'),
(1665,  299,  4,  0,  '2026-02-19 23:29:23'),
(1666,  299,  3,  0,  '2026-02-19 23:29:23'),
(1667,  299,  2,  0,  '2026-02-19 23:29:23'),
(1668,  299,  1,  0,  '2026-02-19 23:29:23'),
(1669,  300,  6,  0,  '2026-02-19 23:29:23'),
(1670,  300,  5,  0,  '2026-02-19 23:29:23'),
(1671,  300,  4,  0,  '2026-02-19 23:29:23'),
(1672,  300,  3,  0,  '2026-02-19 23:29:23'),
(1673,  300,  2,  0,  '2026-02-19 23:29:23'),
(1674,  300,  1,  0,  '2026-02-19 23:29:23'),
(1675,  301,  6,  0,  '2026-02-19 23:29:23'),
(1676,  301,  5,  0,  '2026-02-19 23:29:23'),
(1677,  301,  4,  0,  '2026-02-19 23:29:23'),
(1678,  301,  3,  0,  '2026-02-19 23:29:23'),
(1679,  301,  2,  0,  '2026-02-19 23:29:23'),
(1680,  301,  1,  0,  '2026-02-19 23:29:23'),
(1681,  302,  6,  0,  '2026-02-19 23:29:23'),
(1682,  302,  5,  0,  '2026-02-19 23:29:23'),
(1683,  302,  4,  0,  '2026-02-19 23:29:23'),
(1684,  302,  3,  0,  '2026-02-19 23:29:23'),
(1685,  302,  2,  0,  '2026-02-19 23:29:23'),
(1686,  302,  1,  0,  '2026-02-19 23:29:23'),
(1687,  303,  6,  0,  '2026-02-19 23:29:23'),
(1688,  303,  5,  0,  '2026-02-19 23:29:23'),
(1689,  303,  4,  0,  '2026-02-19 23:29:23'),
(1690,  303,  3,  0,  '2026-02-19 23:29:23'),
(1691,  303,  2,  0,  '2026-02-19 23:29:23'),
(1692,  303,  1,  0,  '2026-02-19 23:29:23'),
(1693,  304,  6,  0,  '2026-02-19 23:29:23'),
(1694,  304,  5,  0,  '2026-02-19 23:29:23'),
(1695,  304,  4,  0,  '2026-02-19 23:29:23'),
(1696,  304,  3,  0,  '2026-02-19 23:29:23'),
(1697,  304,  2,  0,  '2026-02-19 23:29:23'),
(1698,  304,  1,  0,  '2026-02-19 23:29:23'),
(1699,  305,  6,  0,  '2026-02-19 23:29:23'),
(1700,  305,  5,  0,  '2026-02-19 23:29:23'),
(1701,  305,  4,  0,  '2026-02-19 23:29:23'),
(1702,  305,  3,  0,  '2026-02-19 23:29:23'),
(1703,  305,  2,  0,  '2026-02-19 23:29:23'),
(1704,  305,  1,  0,  '2026-02-19 23:29:23'),
(1705,  306,  6,  0,  '2026-02-19 23:29:23'),
(1706,  306,  5,  0,  '2026-02-19 23:29:23'),
(1707,  306,  4,  0,  '2026-02-19 23:29:23'),
(1708,  306,  3,  0,  '2026-02-19 23:29:23'),
(1709,  306,  2,  0,  '2026-02-19 23:29:23'),
(1710,  306,  1,  0,  '2026-02-19 23:29:23'),
(1711,  307,  6,  0,  '2026-02-19 23:29:23'),
(1712,  307,  5,  0,  '2026-02-19 23:29:23'),
(1713,  307,  4,  0,  '2026-02-19 23:29:23'),
(1714,  307,  3,  0,  '2026-02-19 23:29:23'),
(1715,  307,  2,  0,  '2026-02-19 23:29:23'),
(1716,  307,  1,  0,  '2026-02-19 23:29:23'),
(1717,  308,  6,  0,  '2026-02-19 23:29:23'),
(1718,  308,  5,  0,  '2026-02-19 23:29:23'),
(1719,  308,  4,  0,  '2026-02-19 23:29:23'),
(1720,  308,  3,  0,  '2026-02-19 23:29:23'),
(1721,  308,  2,  0,  '2026-02-19 23:29:23'),
(1722,  308,  1,  0,  '2026-02-19 23:29:23'),
(1723,  309,  6,  0,  '2026-02-19 23:29:23'),
(1724,  309,  5,  0,  '2026-02-19 23:29:23'),
(1725,  309,  4,  0,  '2026-02-19 23:29:23'),
(1726,  309,  3,  0,  '2026-02-19 23:29:23'),
(1727,  309,  2,  0,  '2026-02-19 23:29:23'),
(1728,  309,  1,  0,  '2026-02-19 23:29:23'),
(1729,  310,  6,  0,  '2026-02-19 23:29:23'),
(1730,  310,  5,  0,  '2026-02-19 23:29:23'),
(1731,  310,  4,  0,  '2026-02-19 23:29:23'),
(1732,  310,  3,  0,  '2026-02-19 23:29:23'),
(1733,  310,  2,  0,  '2026-02-19 23:29:23'),
(1734,  310,  1,  0,  '2026-02-19 23:29:23'),
(1735,  311,  6,  0,  '2026-02-19 23:29:23'),
(1736,  311,  5,  0,  '2026-02-19 23:29:23'),
(1737,  311,  4,  0,  '2026-02-19 23:29:23'),
(1738,  311,  3,  0,  '2026-02-19 23:29:23'),
(1739,  311,  2,  0,  '2026-02-19 23:29:23'),
(1740,  311,  1,  0,  '2026-02-19 23:29:23'),
(1741,  312,  6,  0,  '2026-02-19 23:29:23'),
(1742,  312,  5,  0,  '2026-02-19 23:29:23'),
(1743,  312,  4,  0,  '2026-02-19 23:29:23'),
(1744,  312,  3,  0,  '2026-02-19 23:29:23'),
(1745,  312,  2,  0,  '2026-02-19 23:29:23'),
(1746,  312,  1,  0,  '2026-02-19 23:29:23'),
(1747,  313,  6,  0,  '2026-02-19 23:29:23'),
(1748,  313,  5,  0,  '2026-02-19 23:29:23'),
(1749,  313,  4,  0,  '2026-02-19 23:29:23'),
(1750,  313,  3,  0,  '2026-02-19 23:29:23'),
(1751,  313,  2,  0,  '2026-02-19 23:29:23'),
(1752,  313,  1,  0,  '2026-02-19 23:29:23'),
(1753,  314,  6,  0,  '2026-02-19 23:29:23'),
(1754,  314,  5,  0,  '2026-02-19 23:29:23'),
(1755,  314,  4,  0,  '2026-02-19 23:29:23'),
(1756,  314,  3,  0,  '2026-02-19 23:29:23'),
(1757,  314,  2,  0,  '2026-02-19 23:29:23'),
(1758,  314,  1,  0,  '2026-02-19 23:29:23'),
(1759,  315,  6,  0,  '2026-02-19 23:29:23'),
(1760,  315,  5,  0,  '2026-02-19 23:29:23'),
(1761,  315,  4,  0,  '2026-02-19 23:29:23'),
(1762,  315,  3,  0,  '2026-02-19 23:29:23'),
(1763,  315,  2,  0,  '2026-02-19 23:29:23'),
(1764,  315,  1,  0,  '2026-02-19 23:29:23'),
(1765,  316,  6,  0,  '2026-02-19 23:29:23'),
(1766,  316,  5,  0,  '2026-02-19 23:29:23'),
(1767,  316,  4,  0,  '2026-02-19 23:29:23'),
(1768,  316,  3,  0,  '2026-02-19 23:29:23'),
(1769,  316,  2,  0,  '2026-02-19 23:29:23'),
(1770,  316,  1,  0,  '2026-02-19 23:29:23'),
(1771,  317,  6,  0,  '2026-02-19 23:29:23'),
(1772,  317,  5,  0,  '2026-02-19 23:29:23'),
(1773,  317,  4,  0,  '2026-02-19 23:29:23'),
(1774,  317,  3,  0,  '2026-02-19 23:29:23'),
(1775,  317,  2,  0,  '2026-02-19 23:29:23'),
(1776,  317,  1,  0,  '2026-02-19 23:29:23'),
(1777,  318,  6,  0,  '2026-02-19 23:29:23'),
(1778,  318,  5,  0,  '2026-02-19 23:29:23'),
(1779,  318,  4,  0,  '2026-02-19 23:29:23'),
(1780,  318,  3,  0,  '2026-02-19 23:29:23'),
(1781,  318,  2,  0,  '2026-02-19 23:29:23'),
(1782,  318,  1,  0,  '2026-02-19 23:29:23'),
(1783,  319,  6,  0,  '2026-02-19 23:29:23'),
(1784,  319,  5,  0,  '2026-02-19 23:29:23'),
(1785,  319,  4,  0,  '2026-02-19 23:29:23'),
(1786,  319,  3,  0,  '2026-02-19 23:29:23'),
(1787,  319,  2,  0,  '2026-02-19 23:29:23'),
(1788,  319,  1,  0,  '2026-02-19 23:29:23'),
(1789,  321,  6,  0,  '2026-02-19 23:29:23'),
(1790,  321,  5,  0,  '2026-02-19 23:29:23'),
(1791,  321,  4,  0,  '2026-02-19 23:29:23'),
(1792,  321,  3,  0,  '2026-02-19 23:29:23'),
(1793,  321,  2,  0,  '2026-02-19 23:29:23'),
(1794,  321,  1,  0,  '2026-02-19 23:29:23'),
(1795,  322,  6,  0,  '2026-02-19 23:29:23'),
(1796,  322,  5,  0,  '2026-02-19 23:29:23'),
(1797,  322,  4,  0,  '2026-02-19 23:29:23'),
(1798,  322,  3,  0,  '2026-02-19 23:29:23'),
(1799,  322,  2,  0,  '2026-02-19 23:29:23'),
(1800,  322,  1,  0,  '2026-02-19 23:29:23'),
(1801,  323,  6,  0,  '2026-02-19 23:29:23'),
(1802,  323,  5,  0,  '2026-02-19 23:29:23'),
(1803,  323,  4,  0,  '2026-02-19 23:29:23'),
(1804,  323,  3,  0,  '2026-02-19 23:29:23'),
(1805,  323,  2,  0,  '2026-02-19 23:29:23'),
(1806,  323,  1,  0,  '2026-02-19 23:29:23'),
(1807,  324,  6,  0,  '2026-02-19 23:29:23'),
(1808,  324,  5,  0,  '2026-02-19 23:29:23'),
(1809,  324,  4,  0,  '2026-02-19 23:29:23'),
(1810,  324,  3,  0,  '2026-02-19 23:29:23'),
(1811,  324,  2,  0,  '2026-02-19 23:29:23'),
(1812,  324,  1,  0,  '2026-02-19 23:29:23'),
(1813,  325,  6,  0,  '2026-02-19 23:29:23'),
(1814,  325,  5,  0,  '2026-02-19 23:29:23'),
(1815,  325,  4,  0,  '2026-02-19 23:29:23'),
(1816,  325,  3,  0,  '2026-02-19 23:29:23'),
(1817,  325,  2,  0,  '2026-02-19 23:29:23'),
(1818,  325,  1,  0,  '2026-02-19 23:29:23'),
(1819,  326,  6,  0,  '2026-02-19 23:29:23'),
(1820,  326,  5,  0,  '2026-02-19 23:29:23'),
(1821,  326,  4,  0,  '2026-02-19 23:29:23'),
(1822,  326,  3,  0,  '2026-02-19 23:29:23'),
(1823,  326,  2,  0,  '2026-02-19 23:29:23'),
(1824,  326,  1,  0,  '2026-02-19 23:29:23'),
(1825,  327,  6,  0,  '2026-02-19 23:29:23'),
(1826,  327,  5,  0,  '2026-02-19 23:29:23'),
(1827,  327,  4,  0,  '2026-02-19 23:29:23'),
(1828,  327,  3,  0,  '2026-02-19 23:29:23'),
(1829,  327,  2,  0,  '2026-02-19 23:29:23'),
(1830,  327,  1,  0,  '2026-02-19 23:29:23'),
(1831,  328,  6,  0,  '2026-02-19 23:29:23'),
(1832,  328,  5,  0,  '2026-02-19 23:29:23'),
(1833,  328,  4,  0,  '2026-02-19 23:29:23'),
(1834,  328,  3,  0,  '2026-02-19 23:29:23'),
(1835,  328,  2,  0,  '2026-02-19 23:29:23'),
(1836,  328,  1,  0,  '2026-02-19 23:29:23'),
(1837,  329,  6,  0,  '2026-02-19 23:29:23'),
(1838,  329,  5,  0,  '2026-02-19 23:29:23'),
(1839,  329,  4,  0,  '2026-02-19 23:29:23'),
(1840,  329,  3,  0,  '2026-02-19 23:29:23'),
(1841,  329,  2,  0,  '2026-02-19 23:29:23'),
(1842,  329,  1,  0,  '2026-02-19 23:29:23'),
(1843,  330,  6,  0,  '2026-02-19 23:29:23'),
(1844,  330,  5,  0,  '2026-02-19 23:29:23'),
(1845,  330,  4,  0,  '2026-02-19 23:29:23'),
(1846,  330,  3,  0,  '2026-02-19 23:29:23'),
(1847,  330,  2,  0,  '2026-02-19 23:29:23'),
(1848,  330,  1,  0,  '2026-02-19 23:29:23'),
(1849,  331,  6,  0,  '2026-02-19 23:29:23'),
(1850,  331,  5,  0,  '2026-02-19 23:29:23'),
(1851,  331,  4,  0,  '2026-02-19 23:29:23'),
(1852,  331,  3,  0,  '2026-02-19 23:29:23'),
(1853,  331,  2,  0,  '2026-02-19 23:29:23'),
(1854,  331,  1,  0,  '2026-02-19 23:29:23'),
(1855,  332,  6,  0,  '2026-02-19 23:29:23'),
(1856,  332,  5,  0,  '2026-02-19 23:29:23'),
(1857,  332,  4,  0,  '2026-02-19 23:29:23'),
(1858,  332,  3,  0,  '2026-02-19 23:29:23'),
(1859,  332,  2,  0,  '2026-02-19 23:29:23'),
(1860,  332,  1,  0,  '2026-02-19 23:29:23'),
(1861,  333,  6,  0,  '2026-02-19 23:29:23'),
(1862,  333,  5,  0,  '2026-02-19 23:29:23'),
(1863,  333,  4,  0,  '2026-02-19 23:29:23'),
(1864,  333,  3,  0,  '2026-02-19 23:29:23'),
(1865,  333,  2,  0,  '2026-02-19 23:29:23'),
(1866,  333,  1,  0,  '2026-02-19 23:29:23'),
(1867,  334,  6,  0,  '2026-02-19 23:29:23'),
(1868,  334,  5,  0,  '2026-02-19 23:29:23'),
(1869,  334,  4,  0,  '2026-02-19 23:29:23'),
(1870,  334,  3,  0,  '2026-02-19 23:29:23'),
(1871,  334,  2,  0,  '2026-02-19 23:29:23'),
(1872,  334,  1,  0,  '2026-02-19 23:29:23'),
(1873,  335,  6,  0,  '2026-02-19 23:29:23'),
(1874,  335,  5,  0,  '2026-02-19 23:29:23'),
(1875,  335,  4,  0,  '2026-02-19 23:29:23'),
(1876,  335,  3,  0,  '2026-02-19 23:29:23'),
(1877,  335,  2,  0,  '2026-02-19 23:29:23'),
(1878,  335,  1,  0,  '2026-02-19 23:29:23'),
(1879,  336,  6,  0,  '2026-02-19 23:29:23'),
(1880,  336,  5,  0,  '2026-02-19 23:29:23'),
(1881,  336,  4,  0,  '2026-02-19 23:29:23'),
(1882,  336,  3,  0,  '2026-02-19 23:29:23'),
(1883,  336,  2,  0,  '2026-02-19 23:29:23'),
(1884,  336,  1,  0,  '2026-02-19 23:29:23'),
(1885,  337,  6,  0,  '2026-02-19 23:29:23'),
(1886,  337,  5,  0,  '2026-02-19 23:29:23'),
(1887,  337,  4,  0,  '2026-02-19 23:29:23'),
(1888,  337,  3,  0,  '2026-02-19 23:29:23'),
(1889,  337,  2,  0,  '2026-02-19 23:29:23'),
(1890,  337,  1,  0,  '2026-02-19 23:29:23'),
(1891,  338,  6,  0,  '2026-02-19 23:29:23'),
(1892,  338,  5,  0,  '2026-02-19 23:29:23'),
(1893,  338,  4,  0,  '2026-02-19 23:29:23'),
(1894,  338,  3,  0,  '2026-02-19 23:29:23'),
(1895,  338,  2,  0,  '2026-02-19 23:29:23'),
(1896,  338,  1,  0,  '2026-02-19 23:29:23'),
(1897,  339,  6,  0,  '2026-02-19 23:29:23'),
(1898,  339,  5,  0,  '2026-02-19 23:29:23'),
(1899,  339,  4,  0,  '2026-02-19 23:29:23'),
(1900,  339,  3,  0,  '2026-02-19 23:29:23'),
(1901,  339,  2,  0,  '2026-02-19 23:29:23'),
(1902,  339,  1,  0,  '2026-02-19 23:29:23'),
(1903,  340,  6,  0,  '2026-02-19 23:29:23'),
(1904,  340,  5,  0,  '2026-02-19 23:29:23'),
(1905,  340,  4,  0,  '2026-02-19 23:29:23'),
(1906,  340,  3,  0,  '2026-02-19 23:29:23'),
(1907,  340,  2,  0,  '2026-02-19 23:29:23'),
(1908,  340,  1,  0,  '2026-02-19 23:29:23'),
(1909,  341,  6,  0,  '2026-02-19 23:29:23'),
(1910,  341,  5,  0,  '2026-02-19 23:29:23'),
(1911,  341,  4,  0,  '2026-02-19 23:29:23'),
(1912,  341,  3,  0,  '2026-02-19 23:29:23'),
(1913,  341,  2,  0,  '2026-02-19 23:29:23'),
(1914,  341,  1,  0,  '2026-02-19 23:29:23'),
(1915,  342,  6,  0,  '2026-02-19 23:29:23'),
(1916,  342,  5,  0,  '2026-02-19 23:29:23'),
(1917,  342,  4,  0,  '2026-02-19 23:29:23'),
(1918,  342,  3,  0,  '2026-02-19 23:29:23'),
(1919,  342,  2,  0,  '2026-02-19 23:29:23'),
(1920,  342,  1,  0,  '2026-02-19 23:29:23'),
(1921,  343,  6,  0,  '2026-02-19 23:29:23'),
(1922,  343,  5,  0,  '2026-02-19 23:29:23'),
(1923,  343,  4,  0,  '2026-02-19 23:29:23'),
(1924,  343,  3,  0,  '2026-02-19 23:29:23'),
(1925,  343,  2,  0,  '2026-02-19 23:29:23'),
(1926,  343,  1,  0,  '2026-02-19 23:29:23'),
(1927,  344,  6,  0,  '2026-02-19 23:29:23'),
(1928,  344,  5,  0,  '2026-02-19 23:29:23'),
(1929,  344,  4,  0,  '2026-02-19 23:29:23'),
(1930,  344,  3,  0,  '2026-02-19 23:29:23'),
(1931,  344,  2,  0,  '2026-02-19 23:29:23'),
(1932,  344,  1,  0,  '2026-02-19 23:29:23'),
(1933,  345,  6,  0,  '2026-02-19 23:29:23'),
(1934,  345,  5,  0,  '2026-02-19 23:29:23'),
(1935,  345,  4,  0,  '2026-02-19 23:29:23'),
(1936,  345,  3,  0,  '2026-02-19 23:29:23'),
(1937,  345,  2,  0,  '2026-02-19 23:29:23'),
(1938,  345,  1,  0,  '2026-02-19 23:29:23'),
(1939,  346,  6,  0,  '2026-02-19 23:29:23'),
(1940,  346,  5,  0,  '2026-02-19 23:29:23'),
(1941,  346,  4,  0,  '2026-02-19 23:29:23'),
(1942,  346,  3,  0,  '2026-02-19 23:29:23'),
(1943,  346,  2,  0,  '2026-02-19 23:29:23'),
(1944,  346,  1,  0,  '2026-02-19 23:29:23'),
(1945,  347,  6,  0,  '2026-02-19 23:29:23'),
(1946,  347,  5,  0,  '2026-02-19 23:29:23'),
(1947,  347,  4,  0,  '2026-02-19 23:29:23'),
(1948,  347,  3,  0,  '2026-02-19 23:29:23'),
(1949,  347,  2,  0,  '2026-02-19 23:29:23'),
(1950,  347,  1,  0,  '2026-02-19 23:29:23'),
(1951,  348,  6,  0,  '2026-02-19 23:29:23'),
(1952,  348,  5,  0,  '2026-02-19 23:29:23'),
(1953,  348,  4,  0,  '2026-02-19 23:29:23'),
(1954,  348,  3,  0,  '2026-02-19 23:29:23'),
(1955,  348,  2,  0,  '2026-02-19 23:29:23'),
(1956,  348,  1,  0,  '2026-02-19 23:29:23'),
(1957,  349,  6,  0,  '2026-02-19 23:29:23'),
(1958,  349,  5,  0,  '2026-02-19 23:29:23'),
(1959,  349,  4,  0,  '2026-02-19 23:29:23'),
(1960,  349,  3,  0,  '2026-02-19 23:29:23'),
(1961,  349,  2,  0,  '2026-02-19 23:29:23'),
(1962,  349,  1,  0,  '2026-02-19 23:29:23'),
(1963,  350,  6,  0,  '2026-02-19 23:29:23'),
(1964,  350,  5,  0,  '2026-02-19 23:29:23'),
(1965,  350,  4,  0,  '2026-02-19 23:29:23'),
(1966,  350,  3,  0,  '2026-02-19 23:29:23'),
(1967,  350,  2,  0,  '2026-02-19 23:29:23'),
(1968,  350,  1,  0,  '2026-02-19 23:29:23'),
(1969,  351,  6,  0,  '2026-02-19 23:29:23'),
(1970,  351,  5,  0,  '2026-02-19 23:29:23'),
(1971,  351,  4,  0,  '2026-02-19 23:29:23'),
(1972,  351,  3,  0,  '2026-02-19 23:29:23'),
(1973,  351,  2,  0,  '2026-02-19 23:29:23'),
(1974,  351,  1,  0,  '2026-02-19 23:29:23'),
(1975,  352,  6,  0,  '2026-02-19 23:29:23'),
(1976,  352,  5,  0,  '2026-02-19 23:29:23'),
(1977,  352,  4,  0,  '2026-02-19 23:29:23'),
(1978,  352,  3,  0,  '2026-02-19 23:29:23'),
(1979,  352,  2,  0,  '2026-02-19 23:29:23'),
(1980,  352,  1,  0,  '2026-02-19 23:29:23'),
(1981,  353,  6,  0,  '2026-02-19 23:29:23'),
(1982,  353,  5,  0,  '2026-02-19 23:29:23'),
(1983,  353,  4,  0,  '2026-02-19 23:29:23'),
(1984,  353,  3,  0,  '2026-02-19 23:29:23'),
(1985,  353,  2,  0,  '2026-02-19 23:29:23'),
(1986,  353,  1,  0,  '2026-02-19 23:29:23'),
(1987,  354,  6,  0,  '2026-02-19 23:29:23'),
(1988,  354,  5,  0,  '2026-02-19 23:29:23'),
(1989,  354,  4,  0,  '2026-02-19 23:29:23'),
(1990,  354,  3,  0,  '2026-02-19 23:29:23'),
(1991,  354,  2,  0,  '2026-02-19 23:29:23'),
(1992,  354,  1,  0,  '2026-02-19 23:29:23'),
(1993,  355,  6,  0,  '2026-02-19 23:29:23'),
(1994,  355,  5,  0,  '2026-02-19 23:29:23'),
(1995,  355,  4,  0,  '2026-02-19 23:29:23'),
(1996,  355,  3,  0,  '2026-02-19 23:29:23'),
(1997,  355,  2,  0,  '2026-02-19 23:29:23'),
(1998,  355,  1,  0,  '2026-02-19 23:29:23'),
(1999,  356,  6,  0,  '2026-02-19 23:29:23'),
(2000,  356,  5,  0,  '2026-02-19 23:29:23'),
(2001,  356,  4,  0,  '2026-02-19 23:29:23'),
(2002,  356,  3,  0,  '2026-02-19 23:29:23'),
(2003,  356,  2,  0,  '2026-02-19 23:29:23'),
(2004,  356,  1,  0,  '2026-02-19 23:29:23'),
(2005,  357,  6,  0,  '2026-02-19 23:29:23'),
(2006,  357,  5,  0,  '2026-02-19 23:29:23'),
(2007,  357,  4,  0,  '2026-02-19 23:29:23'),
(2008,  357,  3,  0,  '2026-02-19 23:29:23'),
(2009,  357,  2,  0,  '2026-02-19 23:29:23'),
(2010,  357,  1,  0,  '2026-02-19 23:29:23'),
(2011,  358,  6,  0,  '2026-02-19 23:29:23'),
(2012,  358,  5,  0,  '2026-02-19 23:29:23'),
(2013,  358,  4,  0,  '2026-02-19 23:29:23'),
(2014,  358,  3,  0,  '2026-02-19 23:29:23'),
(2015,  358,  2,  0,  '2026-02-19 23:29:23'),
(2016,  358,  1,  0,  '2026-02-19 23:29:23'),
(2017,  359,  6,  0,  '2026-02-19 23:29:23'),
(2018,  359,  5,  0,  '2026-02-19 23:29:23'),
(2019,  359,  4,  0,  '2026-02-19 23:29:23'),
(2020,  359,  3,  0,  '2026-02-19 23:29:23'),
(2021,  359,  2,  0,  '2026-02-19 23:29:23'),
(2022,  359,  1,  0,  '2026-02-19 23:29:23'),
(2023,  360,  6,  0,  '2026-02-19 23:29:23'),
(2024,  360,  5,  0,  '2026-02-19 23:29:23'),
(2025,  360,  4,  0,  '2026-02-19 23:29:23'),
(2026,  360,  3,  0,  '2026-02-19 23:29:23'),
(2027,  360,  2,  0,  '2026-02-19 23:29:23'),
(2028,  360,  1,  0,  '2026-02-19 23:29:23'),
(2029,  361,  6,  0,  '2026-02-19 23:29:23'),
(2030,  361,  5,  0,  '2026-02-19 23:29:23'),
(2031,  361,  4,  0,  '2026-02-19 23:29:23'),
(2032,  361,  3,  0,  '2026-02-19 23:29:23'),
(2033,  361,  2,  0,  '2026-02-19 23:29:23'),
(2034,  361,  1,  0,  '2026-02-19 23:29:23'),
(2035,  362,  6,  0,  '2026-02-19 23:29:23'),
(2036,  362,  5,  0,  '2026-02-19 23:29:23'),
(2037,  362,  4,  0,  '2026-02-19 23:29:23'),
(2038,  362,  3,  0,  '2026-02-19 23:29:23'),
(2039,  362,  2,  0,  '2026-02-19 23:29:23'),
(2040,  362,  1,  0,  '2026-02-19 23:29:23'),
(2041,  363,  6,  0,  '2026-02-19 23:29:23'),
(2042,  363,  5,  0,  '2026-02-19 23:29:23'),
(2043,  363,  4,  0,  '2026-02-19 23:29:23'),
(2044,  363,  3,  0,  '2026-02-19 23:29:23'),
(2045,  363,  2,  0,  '2026-02-19 23:29:23'),
(2046,  363,  1,  0,  '2026-02-19 23:29:23'),
(2047,  364,  6,  0,  '2026-02-19 23:29:23'),
(2048,  364,  5,  0,  '2026-02-19 23:29:23'),
(2049,  364,  4,  0,  '2026-02-19 23:29:23'),
(2050,  364,  3,  0,  '2026-02-19 23:29:23'),
(2051,  364,  2,  0,  '2026-02-19 23:29:23'),
(2052,  364,  1,  0,  '2026-02-19 23:29:23'),
(2053,  365,  6,  0,  '2026-02-19 23:29:23'),
(2054,  365,  5,  0,  '2026-02-19 23:29:23'),
(2055,  365,  4,  0,  '2026-02-19 23:29:23'),
(2056,  365,  3,  0,  '2026-02-19 23:29:23'),
(2057,  365,  2,  0,  '2026-02-19 23:29:23'),
(2058,  365,  1,  0,  '2026-02-19 23:29:23'),
(2059,  366,  6,  0,  '2026-02-19 23:29:23'),
(2060,  366,  5,  0,  '2026-02-19 23:29:23'),
(2061,  366,  4,  0,  '2026-02-19 23:29:23'),
(2062,  366,  3,  0,  '2026-02-19 23:29:23'),
(2063,  366,  2,  0,  '2026-02-19 23:29:23'),
(2064,  366,  1,  0,  '2026-02-19 23:29:23'),
(2065,  367,  6,  0,  '2026-02-19 23:29:23'),
(2066,  367,  5,  0,  '2026-02-19 23:29:23'),
(2067,  367,  4,  0,  '2026-02-19 23:29:23'),
(2068,  367,  3,  0,  '2026-02-19 23:29:23'),
(2069,  367,  2,  0,  '2026-02-19 23:29:23'),
(2070,  367,  1,  0,  '2026-02-19 23:29:23'),
(2071,  368,  6,  0,  '2026-02-19 23:29:23'),
(2072,  368,  5,  0,  '2026-02-19 23:29:23'),
(2073,  368,  4,  0,  '2026-02-19 23:29:23'),
(2074,  368,  3,  0,  '2026-02-19 23:29:23'),
(2075,  368,  2,  0,  '2026-02-19 23:29:23'),
(2076,  368,  1,  0,  '2026-02-19 23:29:23'),
(2077,  369,  6,  0,  '2026-02-19 23:29:23'),
(2078,  369,  5,  0,  '2026-02-19 23:29:23'),
(2079,  369,  4,  0,  '2026-02-19 23:29:23'),
(2080,  369,  3,  0,  '2026-02-19 23:29:23'),
(2081,  369,  2,  0,  '2026-02-19 23:29:23'),
(2082,  369,  1,  0,  '2026-02-19 23:29:23'),
(2083,  370,  6,  0,  '2026-02-19 23:29:23'),
(2084,  370,  5,  0,  '2026-02-19 23:29:23'),
(2085,  370,  4,  0,  '2026-02-19 23:29:23'),
(2086,  370,  3,  0,  '2026-02-19 23:29:23'),
(2087,  370,  2,  0,  '2026-02-19 23:29:23'),
(2088,  370,  1,  0,  '2026-02-19 23:29:23'),
(2089,  371,  6,  0,  '2026-02-19 23:29:23'),
(2090,  371,  5,  0,  '2026-02-19 23:29:23'),
(2091,  371,  4,  0,  '2026-02-19 23:29:23'),
(2092,  371,  3,  0,  '2026-02-19 23:29:23'),
(2093,  371,  2,  0,  '2026-02-19 23:29:23'),
(2094,  371,  1,  0,  '2026-02-19 23:29:23'),
(2095,  372,  6,  0,  '2026-02-19 23:29:23'),
(2096,  372,  5,  0,  '2026-02-19 23:29:23'),
(2097,  372,  4,  0,  '2026-02-19 23:29:23'),
(2098,  372,  3,  0,  '2026-02-19 23:29:23'),
(2099,  372,  2,  0,  '2026-02-19 23:29:23'),
(2100,  372,  1,  0,  '2026-02-19 23:29:23'),
(2101,  373,  6,  0,  '2026-02-19 23:29:23'),
(2102,  373,  5,  0,  '2026-02-19 23:29:23'),
(2103,  373,  4,  0,  '2026-02-19 23:29:23'),
(2104,  373,  3,  0,  '2026-02-19 23:29:23'),
(2105,  373,  2,  0,  '2026-02-19 23:29:23'),
(2106,  373,  1,  0,  '2026-02-19 23:29:23'),
(2107,  374,  6,  0,  '2026-02-19 23:29:23'),
(2108,  374,  5,  0,  '2026-02-19 23:29:23'),
(2109,  374,  4,  0,  '2026-02-19 23:29:23'),
(2110,  374,  3,  0,  '2026-02-19 23:29:23'),
(2111,  374,  2,  0,  '2026-02-19 23:29:23'),
(2112,  374,  1,  0,  '2026-02-19 23:29:23'),
(2113,  375,  6,  0,  '2026-02-19 23:29:23'),
(2114,  375,  5,  0,  '2026-02-19 23:29:23'),
(2115,  375,  4,  0,  '2026-02-19 23:29:23'),
(2116,  375,  3,  0,  '2026-02-19 23:29:23'),
(2117,  375,  2,  0,  '2026-02-19 23:29:23'),
(2118,  375,  1,  0,  '2026-02-19 23:29:23'),
(2119,  376,  6,  0,  '2026-02-19 23:29:23'),
(2120,  376,  5,  0,  '2026-02-19 23:29:23'),
(2121,  376,  4,  0,  '2026-02-19 23:29:23'),
(2122,  376,  3,  0,  '2026-02-19 23:29:23'),
(2123,  376,  2,  0,  '2026-02-19 23:29:23'),
(2124,  376,  1,  0,  '2026-02-19 23:29:23'),
(2125,  378,  6,  0,  '2026-02-19 23:29:23'),
(2126,  378,  5,  0,  '2026-02-19 23:29:23'),
(2127,  378,  4,  0,  '2026-02-19 23:29:23'),
(2128,  378,  3,  0,  '2026-02-19 23:29:23'),
(2129,  378,  2,  0,  '2026-02-19 23:29:23'),
(2130,  378,  1,  0,  '2026-02-19 23:29:23'),
(2131,  379,  6,  0,  '2026-02-19 23:29:23'),
(2132,  379,  5,  0,  '2026-02-19 23:29:23'),
(2133,  379,  4,  0,  '2026-02-19 23:29:23'),
(2134,  379,  3,  0,  '2026-02-19 23:29:23'),
(2135,  379,  2,  0,  '2026-02-19 23:29:23'),
(2136,  379,  1,  0,  '2026-02-19 23:29:23'),
(2137,  380,  6,  0,  '2026-02-19 23:29:23'),
(2138,  380,  5,  0,  '2026-02-19 23:29:23'),
(2139,  380,  4,  0,  '2026-02-19 23:29:23'),
(2140,  380,  3,  0,  '2026-02-19 23:29:23'),
(2141,  380,  2,  0,  '2026-02-19 23:29:23'),
(2142,  380,  1,  0,  '2026-02-19 23:29:23'),
(2143,  381,  6,  0,  '2026-02-19 23:29:23'),
(2144,  381,  5,  0,  '2026-02-19 23:29:23'),
(2145,  381,  4,  0,  '2026-02-19 23:29:23'),
(2146,  381,  3,  0,  '2026-02-19 23:29:23'),
(2147,  381,  2,  0,  '2026-02-19 23:29:23'),
(2148,  381,  1,  0,  '2026-02-19 23:29:23'),
(2149,  382,  6,  0,  '2026-02-19 23:29:23'),
(2150,  382,  5,  0,  '2026-02-19 23:29:23'),
(2151,  382,  4,  0,  '2026-02-19 23:29:23'),
(2152,  382,  3,  0,  '2026-02-19 23:29:23'),
(2153,  382,  2,  0,  '2026-02-19 23:29:23'),
(2154,  382,  1,  0,  '2026-02-19 23:29:23'),
(2155,  383,  6,  0,  '2026-02-19 23:29:23'),
(2156,  383,  5,  0,  '2026-02-19 23:29:23'),
(2157,  383,  4,  0,  '2026-02-19 23:29:23'),
(2158,  383,  3,  0,  '2026-02-19 23:29:23'),
(2159,  383,  2,  0,  '2026-02-19 23:29:23'),
(2160,  383,  1,  0,  '2026-02-19 23:29:23'),
(2161,  384,  6,  0,  '2026-02-19 23:29:23'),
(2162,  384,  5,  0,  '2026-02-19 23:29:23'),
(2163,  384,  4,  0,  '2026-02-19 23:29:23'),
(2164,  384,  3,  0,  '2026-02-19 23:29:23'),
(2165,  384,  2,  0,  '2026-02-19 23:29:23'),
(2166,  384,  1,  0,  '2026-02-19 23:29:23'),
(2167,  385,  6,  0,  '2026-02-19 23:29:23'),
(2168,  385,  5,  0,  '2026-02-19 23:29:23'),
(2169,  385,  4,  0,  '2026-02-19 23:29:23'),
(2170,  385,  3,  0,  '2026-02-19 23:29:23'),
(2171,  385,  2,  0,  '2026-02-19 23:29:23'),
(2172,  385,  1,  3,  '2026-02-25 09:03:03'),
(2173,  386,  6,  0,  '2026-02-19 23:29:23'),
(2174,  386,  5,  0,  '2026-02-19 23:29:23'),
(2175,  386,  4,  0,  '2026-02-19 23:29:23'),
(2176,  386,  3,  0,  '2026-02-19 23:29:23'),
(2177,  386,  2,  0,  '2026-02-19 23:29:23'),
(2178,  386,  1,  0,  '2026-02-19 23:29:23'),
(2179,  387,  6,  0,  '2026-02-19 23:29:23'),
(2180,  387,  5,  0,  '2026-02-19 23:29:23'),
(2181,  387,  4,  0,  '2026-02-19 23:29:23'),
(2182,  387,  3,  0,  '2026-02-19 23:29:23'),
(2183,  387,  2,  0,  '2026-02-19 23:29:23'),
(2184,  387,  1,  0,  '2026-02-19 23:29:23'),
(2185,  388,  6,  0,  '2026-02-19 23:29:23'),
(2186,  388,  5,  0,  '2026-02-19 23:29:23'),
(2187,  388,  4,  0,  '2026-02-19 23:29:23'),
(2188,  388,  3,  0,  '2026-02-19 23:29:23'),
(2189,  388,  2,  0,  '2026-02-19 23:29:23'),
(2190,  388,  1,  0,  '2026-02-19 23:29:23'),
(2191,  389,  6,  0,  '2026-02-19 23:29:23'),
(2192,  389,  5,  0,  '2026-02-19 23:29:23'),
(2193,  389,  4,  0,  '2026-02-19 23:29:23'),
(2194,  389,  3,  0,  '2026-02-19 23:29:23'),
(2195,  389,  2,  0,  '2026-02-19 23:29:23'),
(2196,  389,  1,  0,  '2026-02-19 23:29:23'),
(2197,  391,  6,  0,  '2026-02-19 23:29:23'),
(2198,  391,  5,  0,  '2026-02-19 23:29:23'),
(2199,  391,  4,  0,  '2026-02-19 23:29:23'),
(2200,  391,  3,  0,  '2026-02-19 23:29:23'),
(2201,  391,  2,  0,  '2026-02-19 23:29:23'),
(2202,  391,  1,  0,  '2026-02-19 23:29:23'),
(2203,  392,  6,  0,  '2026-02-19 23:29:23'),
(2204,  392,  5,  0,  '2026-02-19 23:29:23'),
(2205,  392,  4,  0,  '2026-02-19 23:29:23'),
(2206,  392,  3,  0,  '2026-02-19 23:29:23'),
(2207,  392,  2,  0,  '2026-02-19 23:29:23'),
(2208,  392,  1,  0,  '2026-02-19 23:29:23'),
(2209,  393,  6,  0,  '2026-02-19 23:29:23'),
(2210,  393,  5,  0,  '2026-02-19 23:29:23'),
(2211,  393,  4,  0,  '2026-02-19 23:29:23'),
(2212,  393,  3,  0,  '2026-02-19 23:29:23'),
(2213,  393,  2,  0,  '2026-02-19 23:29:23'),
(2214,  393,  1,  0,  '2026-02-19 23:29:23'),
(2215,  394,  6,  0,  '2026-02-19 23:29:23'),
(2216,  394,  5,  0,  '2026-02-19 23:29:23'),
(2217,  394,  4,  0,  '2026-02-19 23:29:23'),
(2218,  394,  3,  0,  '2026-02-19 23:29:23'),
(2219,  394,  2,  0,  '2026-02-19 23:29:23'),
(2220,  394,  1,  0,  '2026-02-19 23:29:23'),
(2221,  395,  6,  0,  '2026-02-19 23:29:23'),
(2222,  395,  5,  0,  '2026-02-19 23:29:23'),
(2223,  395,  4,  0,  '2026-02-19 23:29:23'),
(2224,  395,  3,  0,  '2026-02-19 23:29:23'),
(2225,  395,  2,  0,  '2026-02-19 23:29:23'),
(2226,  395,  1,  0,  '2026-02-19 23:29:23'),
(2227,  396,  6,  0,  '2026-02-19 23:29:23'),
(2228,  396,  5,  0,  '2026-02-19 23:29:23'),
(2229,  396,  4,  0,  '2026-02-19 23:29:23'),
(2230,  396,  3,  0,  '2026-02-19 23:29:23'),
(2231,  396,  2,  0,  '2026-02-19 23:29:23'),
(2232,  396,  1,  0,  '2026-02-19 23:29:23'),
(2233,  397,  6,  0,  '2026-02-19 23:29:23'),
(2234,  397,  5,  0,  '2026-02-19 23:29:23'),
(2235,  397,  4,  0,  '2026-02-19 23:29:23'),
(2236,  397,  3,  0,  '2026-02-19 23:29:23'),
(2237,  397,  2,  0,  '2026-02-19 23:29:23'),
(2238,  397,  1,  0,  '2026-02-19 23:29:23'),
(2239,  398,  6,  0,  '2026-02-19 23:29:23'),
(2240,  398,  5,  0,  '2026-02-19 23:29:23'),
(2241,  398,  4,  0,  '2026-02-19 23:29:23'),
(2242,  398,  3,  0,  '2026-02-19 23:29:23'),
(2243,  398,  2,  0,  '2026-02-19 23:29:23'),
(2244,  398,  1,  0,  '2026-02-19 23:29:23'),
(2245,  399,  6,  0,  '2026-02-19 23:29:23'),
(2246,  399,  5,  0,  '2026-02-19 23:29:23'),
(2247,  399,  4,  0,  '2026-02-19 23:29:23'),
(2248,  399,  3,  0,  '2026-02-19 23:29:23'),
(2249,  399,  2,  0,  '2026-02-19 23:29:23'),
(2250,  399,  1,  0,  '2026-02-19 23:29:23'),
(2251,  400,  6,  0,  '2026-02-19 23:29:23'),
(2252,  400,  5,  0,  '2026-02-19 23:29:23'),
(2253,  400,  4,  0,  '2026-02-19 23:29:23'),
(2254,  400,  3,  0,  '2026-02-19 23:29:23'),
(2255,  400,  2,  0,  '2026-02-19 23:29:23'),
(2256,  400,  1,  0,  '2026-02-19 23:29:23'),
(2257,  401,  6,  0,  '2026-02-19 23:29:23'),
(2258,  401,  5,  0,  '2026-02-19 23:29:23'),
(2259,  401,  4,  0,  '2026-02-19 23:29:23'),
(2260,  401,  3,  0,  '2026-02-19 23:29:23'),
(2261,  401,  2,  0,  '2026-02-19 23:29:23'),
(2262,  401,  1,  0,  '2026-02-19 23:29:23'),
(2263,  402,  6,  0,  '2026-02-19 23:29:23'),
(2264,  402,  5,  0,  '2026-02-19 23:29:23'),
(2265,  402,  4,  0,  '2026-02-19 23:29:23'),
(2266,  402,  3,  0,  '2026-02-19 23:29:23'),
(2267,  402,  2,  0,  '2026-02-19 23:29:23'),
(2268,  402,  1,  0,  '2026-02-19 23:29:23'),
(2269,  403,  6,  0,  '2026-02-19 23:29:23'),
(2270,  403,  5,  0,  '2026-02-19 23:29:23'),
(2271,  403,  4,  0,  '2026-02-19 23:29:23'),
(2272,  403,  3,  0,  '2026-02-19 23:29:23'),
(2273,  403,  2,  0,  '2026-02-19 23:29:23'),
(2274,  403,  1,  0,  '2026-02-19 23:29:23'),
(2275,  404,  6,  0,  '2026-02-19 23:29:23'),
(2276,  404,  5,  0,  '2026-02-19 23:29:23'),
(2277,  404,  4,  0,  '2026-02-19 23:29:23'),
(2278,  404,  3,  0,  '2026-02-19 23:29:23'),
(2279,  404,  2,  0,  '2026-02-19 23:29:23'),
(2280,  404,  1,  0,  '2026-02-19 23:29:23'),
(2281,  405,  6,  0,  '2026-02-19 23:29:23'),
(2282,  405,  5,  0,  '2026-02-19 23:29:23'),
(2283,  405,  4,  0,  '2026-02-19 23:29:23'),
(2284,  405,  3,  0,  '2026-02-19 23:29:23'),
(2285,  405,  2,  0,  '2026-02-19 23:29:23'),
(2286,  405,  1,  0,  '2026-02-19 23:29:23'),
(2287,  406,  6,  0,  '2026-02-19 23:29:23'),
(2288,  406,  5,  0,  '2026-02-19 23:29:23'),
(2289,  406,  4,  0,  '2026-02-19 23:29:23'),
(2290,  406,  3,  0,  '2026-02-19 23:29:23'),
(2291,  406,  2,  0,  '2026-02-19 23:29:23'),
(2292,  406,  1,  0,  '2026-02-19 23:29:23'),
(2293,  407,  6,  0,  '2026-02-19 23:29:23'),
(2294,  407,  5,  0,  '2026-02-19 23:29:23'),
(2295,  407,  4,  0,  '2026-02-19 23:29:23'),
(2296,  407,  3,  0,  '2026-02-19 23:29:23'),
(2297,  407,  2,  0,  '2026-02-19 23:29:23'),
(2298,  407,  1,  0,  '2026-02-19 23:29:23'),
(2299,  408,  6,  0,  '2026-02-19 23:29:23'),
(2300,  408,  5,  0,  '2026-02-19 23:29:23'),
(2301,  408,  4,  0,  '2026-02-19 23:29:23'),
(2302,  408,  3,  0,  '2026-02-19 23:29:23'),
(2303,  408,  2,  0,  '2026-02-19 23:29:23'),
(2304,  408,  1,  0,  '2026-02-19 23:29:23'),
(2305,  409,  6,  0,  '2026-02-19 23:29:23'),
(2306,  409,  5,  0,  '2026-02-19 23:29:23'),
(2307,  409,  4,  0,  '2026-02-19 23:29:23'),
(2308,  409,  3,  0,  '2026-02-19 23:29:23'),
(2309,  409,  2,  0,  '2026-02-19 23:29:23'),
(2310,  409,  1,  0,  '2026-02-19 23:29:23'),
(2311,  410,  6,  0,  '2026-02-19 23:29:23'),
(2312,  410,  5,  0,  '2026-02-19 23:29:23'),
(2313,  410,  4,  0,  '2026-02-19 23:29:23'),
(2314,  410,  3,  0,  '2026-02-19 23:29:23'),
(2315,  410,  2,  0,  '2026-02-19 23:29:23'),
(2316,  410,  1,  0,  '2026-02-19 23:29:23'),
(2317,  411,  6,  0,  '2026-02-19 23:29:23'),
(2318,  411,  5,  0,  '2026-02-19 23:29:23'),
(2319,  411,  4,  0,  '2026-02-19 23:29:23'),
(2320,  411,  3,  0,  '2026-02-19 23:29:23'),
(2321,  411,  2,  0,  '2026-02-19 23:29:23'),
(2322,  411,  1,  0,  '2026-02-19 23:29:23'),
(2323,  412,  6,  0,  '2026-02-19 23:29:23'),
(2324,  412,  5,  0,  '2026-02-19 23:29:23'),
(2325,  412,  4,  0,  '2026-02-19 23:29:23'),
(2326,  412,  3,  0,  '2026-02-19 23:29:23'),
(2327,  412,  2,  0,  '2026-02-19 23:29:23'),
(2328,  412,  1,  0,  '2026-02-19 23:29:23'),
(2329,  413,  6,  0,  '2026-02-19 23:29:23'),
(2330,  413,  5,  0,  '2026-02-19 23:29:23'),
(2331,  413,  4,  0,  '2026-02-19 23:29:23'),
(2332,  413,  3,  0,  '2026-02-19 23:29:23'),
(2333,  413,  2,  0,  '2026-02-19 23:29:23'),
(2334,  413,  1,  0,  '2026-02-19 23:29:23'),
(2335,  415,  6,  0,  '2026-02-19 23:29:23'),
(2336,  415,  5,  0,  '2026-02-19 23:29:23'),
(2337,  415,  4,  0,  '2026-02-19 23:29:23'),
(2338,  415,  3,  0,  '2026-02-19 23:29:23'),
(2339,  415,  2,  0,  '2026-02-19 23:29:23'),
(2340,  415,  1,  0,  '2026-02-19 23:29:23'),
(2341,  416,  6,  0,  '2026-02-19 23:29:23'),
(2342,  416,  5,  0,  '2026-02-19 23:29:23'),
(2343,  416,  4,  0,  '2026-02-19 23:29:23'),
(2344,  416,  3,  0,  '2026-02-19 23:29:23'),
(2345,  416,  2,  0,  '2026-02-19 23:29:23'),
(2346,  416,  1,  0,  '2026-02-19 23:29:23'),
(2347,  417,  6,  0,  '2026-02-19 23:29:23'),
(2348,  417,  5,  0,  '2026-02-19 23:29:23'),
(2349,  417,  4,  0,  '2026-02-19 23:29:23'),
(2350,  417,  3,  0,  '2026-02-19 23:29:23'),
(2351,  417,  2,  0,  '2026-02-19 23:29:23'),
(2352,  417,  1,  0,  '2026-02-19 23:29:23'),
(2353,  418,  6,  0,  '2026-02-19 23:29:23'),
(2354,  418,  5,  0,  '2026-02-19 23:29:23'),
(2355,  418,  4,  0,  '2026-02-19 23:29:23'),
(2356,  418,  3,  0,  '2026-02-19 23:29:23'),
(2357,  418,  2,  0,  '2026-02-19 23:29:23'),
(2358,  418,  1,  0,  '2026-02-19 23:29:23'),
(2359,  419,  6,  0,  '2026-02-19 23:29:23'),
(2360,  419,  5,  0,  '2026-02-19 23:29:23'),
(2361,  419,  4,  0,  '2026-02-19 23:29:23'),
(2362,  419,  3,  0,  '2026-02-19 23:29:23'),
(2363,  419,  2,  0,  '2026-02-19 23:29:23'),
(2364,  419,  1,  0,  '2026-02-19 23:29:23'),
(2365,  420,  6,  0,  '2026-02-19 23:29:23'),
(2366,  420,  5,  0,  '2026-02-19 23:29:23'),
(2367,  420,  4,  0,  '2026-02-19 23:29:23'),
(2368,  420,  3,  0,  '2026-02-19 23:29:23'),
(2369,  420,  2,  0,  '2026-02-19 23:29:23'),
(2370,  420,  1,  0,  '2026-02-19 23:29:23'),
(2371,  421,  6,  0,  '2026-02-19 23:29:23'),
(2372,  421,  5,  0,  '2026-02-19 23:29:23'),
(2373,  421,  4,  0,  '2026-02-19 23:29:23'),
(2374,  421,  3,  0,  '2026-02-19 23:29:23'),
(2375,  421,  2,  0,  '2026-02-19 23:29:23'),
(2376,  421,  1,  0,  '2026-02-19 23:29:23'),
(2377,  422,  6,  0,  '2026-02-19 23:29:23'),
(2378,  422,  5,  0,  '2026-02-19 23:29:23'),
(2379,  422,  4,  0,  '2026-02-19 23:29:23'),
(2380,  422,  3,  0,  '2026-02-19 23:29:23'),
(2381,  422,  2,  0,  '2026-02-19 23:29:23'),
(2382,  422,  1,  0,  '2026-02-19 23:29:23'),
(2383,  423,  6,  0,  '2026-02-19 23:29:23'),
(2384,  423,  5,  0,  '2026-02-19 23:29:23'),
(2385,  423,  4,  0,  '2026-02-19 23:29:23'),
(2386,  423,  3,  0,  '2026-02-19 23:29:23'),
(2387,  423,  2,  0,  '2026-02-19 23:29:23'),
(2388,  423,  1,  0,  '2026-02-19 23:29:23'),
(2389,  424,  6,  0,  '2026-02-19 23:29:23'),
(2390,  424,  5,  0,  '2026-02-19 23:29:23'),
(2391,  424,  4,  0,  '2026-02-19 23:29:23'),
(2392,  424,  3,  0,  '2026-02-19 23:29:23'),
(2393,  424,  2,  0,  '2026-02-19 23:29:23'),
(2394,  424,  1,  0,  '2026-02-19 23:29:23'),
(2395,  425,  6,  0,  '2026-02-19 23:29:23'),
(2396,  425,  5,  0,  '2026-02-19 23:29:23'),
(2397,  425,  4,  0,  '2026-02-19 23:29:23'),
(2398,  425,  3,  0,  '2026-02-19 23:29:23'),
(2399,  425,  2,  0,  '2026-02-19 23:29:23'),
(2400,  425,  1,  0,  '2026-02-19 23:29:23'),
(2401,  426,  6,  0,  '2026-02-19 23:29:23'),
(2402,  426,  5,  0,  '2026-02-19 23:29:23'),
(2403,  426,  4,  0,  '2026-02-19 23:29:23'),
(2404,  426,  3,  0,  '2026-02-19 23:29:23'),
(2405,  426,  2,  0,  '2026-02-19 23:29:23'),
(2406,  426,  1,  0,  '2026-02-19 23:29:23'),
(2407,  427,  6,  0,  '2026-02-19 23:29:23'),
(2408,  427,  5,  0,  '2026-02-19 23:29:23'),
(2409,  427,  4,  0,  '2026-02-19 23:29:23'),
(2410,  427,  3,  0,  '2026-02-19 23:29:23'),
(2411,  427,  2,  0,  '2026-02-19 23:29:23'),
(2412,  427,  1,  0,  '2026-02-19 23:29:23'),
(2413,  428,  6,  0,  '2026-02-19 23:29:23'),
(2414,  428,  5,  0,  '2026-02-19 23:29:23'),
(2415,  428,  4,  0,  '2026-02-19 23:29:23'),
(2416,  428,  3,  0,  '2026-02-19 23:29:23'),
(2417,  428,  2,  0,  '2026-02-19 23:29:23'),
(2418,  428,  1,  0,  '2026-02-19 23:29:23'),
(2419,  429,  6,  0,  '2026-02-19 23:29:23'),
(2420,  429,  5,  0,  '2026-02-19 23:29:23'),
(2421,  429,  4,  0,  '2026-02-19 23:29:23'),
(2422,  429,  3,  0,  '2026-02-19 23:29:23'),
(2423,  429,  2,  0,  '2026-02-19 23:29:23'),
(2424,  429,  1,  0,  '2026-02-19 23:29:23'),
(2425,  430,  6,  0,  '2026-02-19 23:29:23'),
(2426,  430,  5,  0,  '2026-02-19 23:29:23'),
(2427,  430,  4,  0,  '2026-02-19 23:29:23'),
(2428,  430,  3,  0,  '2026-02-19 23:29:23'),
(2429,  430,  2,  0,  '2026-02-19 23:29:23'),
(2430,  430,  1,  0,  '2026-02-19 23:29:23'),
(2431,  431,  6,  0,  '2026-02-19 23:29:23'),
(2432,  431,  5,  0,  '2026-02-19 23:29:23'),
(2433,  431,  4,  0,  '2026-02-19 23:29:23'),
(2434,  431,  3,  0,  '2026-02-19 23:29:23'),
(2435,  431,  2,  0,  '2026-02-19 23:29:23'),
(2436,  431,  1,  0,  '2026-02-19 23:29:23'),
(2437,  432,  6,  0,  '2026-02-19 23:29:23'),
(2438,  432,  5,  0,  '2026-02-19 23:29:23'),
(2439,  432,  4,  0,  '2026-02-19 23:29:23'),
(2440,  432,  3,  0,  '2026-02-19 23:29:23'),
(2441,  432,  2,  0,  '2026-02-19 23:29:23'),
(2442,  432,  1,  0,  '2026-02-19 23:29:23'),
(2443,  433,  6,  0,  '2026-02-19 23:29:23'),
(2444,  433,  5,  0,  '2026-02-19 23:29:23'),
(2445,  433,  4,  0,  '2026-02-19 23:29:23'),
(2446,  433,  3,  0,  '2026-02-19 23:29:23'),
(2447,  433,  2,  0,  '2026-02-19 23:29:23'),
(2448,  433,  1,  0,  '2026-02-19 23:29:23'),
(2449,  434,  6,  0,  '2026-02-19 23:29:23'),
(2450,  434,  5,  0,  '2026-02-19 23:29:23'),
(2451,  434,  4,  0,  '2026-02-19 23:29:23'),
(2452,  434,  3,  0,  '2026-02-19 23:29:23'),
(2453,  434,  2,  0,  '2026-02-19 23:29:23'),
(2454,  434,  1,  0,  '2026-02-19 23:29:23'),
(2455,  435,  6,  0,  '2026-02-19 23:29:23'),
(2456,  435,  5,  0,  '2026-02-19 23:29:23'),
(2457,  435,  4,  0,  '2026-02-19 23:29:23'),
(2458,  435,  3,  0,  '2026-02-19 23:29:23'),
(2459,  435,  2,  0,  '2026-02-19 23:29:23'),
(2460,  435,  1,  0,  '2026-02-19 23:29:23'),
(2461,  436,  6,  0,  '2026-02-19 23:29:23'),
(2462,  436,  5,  0,  '2026-02-19 23:29:23'),
(2463,  436,  4,  0,  '2026-02-19 23:29:23'),
(2464,  436,  3,  0,  '2026-02-19 23:29:23'),
(2465,  436,  2,  0,  '2026-02-19 23:29:23'),
(2466,  436,  1,  0,  '2026-02-19 23:29:23'),
(2467,  437,  6,  0,  '2026-02-19 23:29:23'),
(2468,  437,  5,  0,  '2026-02-19 23:29:23'),
(2469,  437,  4,  0,  '2026-02-19 23:29:23'),
(2470,  437,  3,  0,  '2026-02-19 23:29:23'),
(2471,  437,  2,  0,  '2026-02-19 23:29:23'),
(2472,  437,  1,  0,  '2026-02-19 23:29:23'),
(2473,  438,  6,  0,  '2026-02-19 23:29:23'),
(2474,  438,  5,  0,  '2026-02-19 23:29:23'),
(2475,  438,  4,  0,  '2026-02-19 23:29:23'),
(2476,  438,  3,  0,  '2026-02-19 23:29:23'),
(2477,  438,  2,  0,  '2026-02-19 23:29:23'),
(2478,  438,  1,  0,  '2026-02-19 23:29:23'),
(2479,  439,  6,  0,  '2026-02-19 23:29:23'),
(2480,  439,  5,  0,  '2026-02-19 23:29:23'),
(2481,  439,  4,  0,  '2026-02-19 23:29:23'),
(2482,  439,  3,  0,  '2026-02-19 23:29:23'),
(2483,  439,  2,  0,  '2026-02-19 23:29:23'),
(2484,  439,  1,  0,  '2026-02-19 23:29:23'),
(2485,  440,  6,  0,  '2026-02-19 23:29:23'),
(2486,  440,  5,  0,  '2026-02-19 23:29:23'),
(2487,  440,  4,  0,  '2026-02-19 23:29:23'),
(2488,  440,  3,  0,  '2026-02-19 23:29:23'),
(2489,  440,  2,  0,  '2026-02-19 23:29:23'),
(2490,  440,  1,  0,  '2026-02-19 23:29:23'),
(2491,  441,  6,  0,  '2026-02-19 23:29:23'),
(2492,  441,  5,  0,  '2026-02-19 23:29:23'),
(2493,  441,  4,  0,  '2026-02-19 23:29:23'),
(2494,  441,  3,  0,  '2026-02-19 23:29:23'),
(2495,  441,  2,  0,  '2026-02-19 23:29:23'),
(2496,  441,  1,  0,  '2026-02-19 23:29:23'),
(2497,  442,  6,  0,  '2026-02-19 23:29:23'),
(2498,  442,  5,  0,  '2026-02-19 23:29:23'),
(2499,  442,  4,  0,  '2026-02-19 23:29:23'),
(2500,  442,  3,  0,  '2026-02-19 23:29:23'),
(2501,  442,  2,  0,  '2026-02-19 23:29:23'),
(2502,  442,  1,  0,  '2026-02-19 23:29:23'),
(2503,  443,  6,  0,  '2026-02-19 23:29:23'),
(2504,  443,  5,  0,  '2026-02-19 23:29:23'),
(2505,  443,  4,  0,  '2026-02-19 23:29:23'),
(2506,  443,  3,  0,  '2026-02-19 23:29:23'),
(2507,  443,  2,  0,  '2026-02-19 23:29:23'),
(2508,  443,  1,  0,  '2026-02-19 23:29:23'),
(2509,  444,  6,  0,  '2026-02-19 23:29:23'),
(2510,  444,  5,  0,  '2026-02-19 23:29:23'),
(2511,  444,  4,  0,  '2026-02-19 23:29:23'),
(2512,  444,  3,  0,  '2026-02-19 23:29:23'),
(2513,  444,  2,  0,  '2026-02-19 23:29:23'),
(2514,  444,  1,  0,  '2026-02-19 23:29:23'),
(2515,  445,  6,  0,  '2026-02-19 23:29:23'),
(2516,  445,  5,  0,  '2026-02-19 23:29:23'),
(2517,  445,  4,  0,  '2026-02-19 23:29:23'),
(2518,  445,  3,  0,  '2026-02-19 23:29:23'),
(2519,  445,  2,  0,  '2026-02-19 23:29:23'),
(2520,  445,  1,  0,  '2026-02-19 23:29:23'),
(2521,  446,  6,  0,  '2026-02-19 23:29:23'),
(2522,  446,  5,  0,  '2026-02-19 23:29:23'),
(2523,  446,  4,  0,  '2026-02-19 23:29:23'),
(2524,  446,  3,  0,  '2026-02-19 23:29:23'),
(2525,  446,  2,  0,  '2026-02-19 23:29:23'),
(2526,  446,  1,  0,  '2026-02-19 23:29:23'),
(2527,  447,  6,  0,  '2026-02-19 23:29:23'),
(2528,  447,  5,  0,  '2026-02-19 23:29:23'),
(2529,  447,  4,  0,  '2026-02-19 23:29:23'),
(2530,  447,  3,  0,  '2026-02-19 23:29:23'),
(2531,  447,  2,  0,  '2026-02-19 23:29:23'),
(2532,  447,  1,  0,  '2026-02-19 23:29:23'),
(2533,  448,  6,  0,  '2026-02-19 23:29:23'),
(2534,  448,  5,  0,  '2026-02-19 23:29:23'),
(2535,  448,  4,  0,  '2026-02-19 23:29:23'),
(2536,  448,  3,  0,  '2026-02-19 23:29:23'),
(2537,  448,  2,  0,  '2026-02-19 23:29:23'),
(2538,  448,  1,  0,  '2026-02-19 23:29:23'),
(2539,  449,  6,  0,  '2026-02-19 23:29:23'),
(2540,  449,  5,  0,  '2026-02-19 23:29:23'),
(2541,  449,  4,  0,  '2026-02-19 23:29:23'),
(2542,  449,  3,  0,  '2026-02-19 23:29:23'),
(2543,  449,  2,  0,  '2026-02-19 23:29:23'),
(2544,  449,  1,  0,  '2026-02-19 23:29:23'),
(2545,  450,  6,  0,  '2026-02-19 23:29:23'),
(2546,  450,  5,  0,  '2026-02-19 23:29:23'),
(2547,  450,  4,  0,  '2026-02-19 23:29:23'),
(2548,  450,  3,  0,  '2026-02-19 23:29:23'),
(2549,  450,  2,  0,  '2026-02-19 23:29:23'),
(2550,  450,  1,  0,  '2026-02-19 23:29:23'),
(2551,  451,  6,  0,  '2026-02-19 23:29:23'),
(2552,  451,  5,  0,  '2026-02-19 23:29:23'),
(2553,  451,  4,  0,  '2026-02-19 23:29:23'),
(2554,  451,  3,  0,  '2026-02-19 23:29:23'),
(2555,  451,  2,  0,  '2026-02-19 23:29:23'),
(2556,  451,  1,  0,  '2026-02-19 23:29:23'),
(2557,  452,  6,  0,  '2026-02-19 23:29:23'),
(2558,  452,  5,  0,  '2026-02-19 23:29:23'),
(2559,  452,  4,  0,  '2026-02-19 23:29:23'),
(2560,  452,  3,  0,  '2026-02-19 23:29:23'),
(2561,  452,  2,  0,  '2026-02-19 23:29:23'),
(2562,  452,  1,  0,  '2026-02-19 23:29:23'),
(2563,  453,  6,  0,  '2026-02-19 23:29:23'),
(2564,  453,  5,  0,  '2026-02-19 23:29:23'),
(2565,  453,  4,  0,  '2026-02-19 23:29:23'),
(2566,  453,  3,  0,  '2026-02-19 23:29:23'),
(2567,  453,  2,  0,  '2026-02-19 23:29:23'),
(2568,  453,  1,  0,  '2026-02-19 23:29:23'),
(2569,  454,  6,  0,  '2026-02-19 23:29:23'),
(2570,  454,  5,  0,  '2026-02-19 23:29:23'),
(2571,  454,  4,  0,  '2026-02-19 23:29:23'),
(2572,  454,  3,  0,  '2026-02-19 23:29:23'),
(2573,  454,  2,  0,  '2026-02-19 23:29:23'),
(2574,  454,  1,  0,  '2026-02-19 23:29:23'),
(2575,  455,  6,  0,  '2026-02-19 23:29:23'),
(2576,  455,  5,  0,  '2026-02-19 23:29:23'),
(2577,  455,  4,  0,  '2026-02-19 23:29:23'),
(2578,  455,  3,  0,  '2026-02-19 23:29:23'),
(2579,  455,  2,  0,  '2026-02-19 23:29:23'),
(2580,  455,  1,  0,  '2026-02-19 23:29:23'),
(2581,  456,  6,  0,  '2026-02-19 23:29:23'),
(2582,  456,  5,  0,  '2026-02-19 23:29:23'),
(2583,  456,  4,  0,  '2026-02-19 23:29:23'),
(2584,  456,  3,  0,  '2026-02-19 23:29:23'),
(2585,  456,  2,  0,  '2026-02-19 23:29:23'),
(2586,  456,  1,  0,  '2026-02-19 23:29:23'),
(2587,  457,  6,  0,  '2026-02-19 23:29:23'),
(2588,  457,  5,  0,  '2026-02-19 23:29:23'),
(2589,  457,  4,  0,  '2026-02-19 23:29:23'),
(2590,  457,  3,  0,  '2026-02-19 23:29:23'),
(2591,  457,  2,  0,  '2026-02-19 23:29:23'),
(2592,  457,  1,  0,  '2026-02-19 23:29:23'),
(2593,  15, 6,  0,  '2026-02-19 23:29:23'),
(2594,  15, 5,  0,  '2026-02-19 23:29:23'),
(2595,  15, 2,  0,  '2026-02-19 23:29:23'),
(2596,  16, 6,  5,  '2026-02-20 11:55:29'),
(2597,  16, 5,  0,  '2026-02-19 23:29:23'),
(2598,  16, 4,  0,  '2026-02-19 23:29:23'),
(2599,  172,  6,  0,  '2026-02-19 23:29:23'),
(2600,  172,  5,  0,  '2026-02-19 23:29:23'),
(2601,  172,  4,  0,  '2026-02-19 23:29:23'),
(2602,  172,  3,  0,  '2026-02-19 23:29:23'),
(2603,  172,  2,  0,  '2026-02-19 23:29:23'),
(2604,  172,  1,  0,  '2026-02-19 23:29:23'),
(2605,  414,  6,  21, '2026-02-20 11:54:04'),
(2606,  414,  5,  0,  '2026-02-19 23:29:23'),
(2607,  414,  4,  0,  '2026-02-19 23:29:23'),
(2608,  414,  3,  10, '2026-02-20 06:24:39'),
(2609,  414,  2,  0,  '2026-02-19 23:29:23'),
(2610,  414,  1,  0,  '2026-02-19 23:29:23'),
(2611,  27, 6,  0,  '2026-02-19 23:29:23'),
(2612,  27, 5,  0,  '2026-02-19 23:29:23'),
(2613,  27, 4,  0,  '2026-02-19 23:29:23'),
(2614,  27, 3,  8,  '2026-02-24 15:41:24'),
(2615,  27, 2,  0,  '2026-02-19 23:29:23'),
(2616,  27, 1,  -1, '2026-02-25 01:15:12'),
(2617,  320,  6,  0,  '2026-02-19 23:29:23'),
(2618,  320,  5,  0,  '2026-02-19 23:29:23'),
(2619,  320,  4,  0,  '2026-02-19 23:29:23'),
(2620,  320,  3,  0,  '2026-02-19 23:29:23'),
(2621,  320,  2,  0,  '2026-02-19 23:29:23'),
(2622,  320,  1,  0,  '2026-02-19 23:29:23'),
(2623,  377,  6,  0,  '2026-02-19 23:29:23'),
(2624,  377,  5,  0,  '2026-02-19 23:29:23'),
(2625,  377,  4,  10, '2026-02-24 15:33:20'),
(2626,  377,  3,  0,  '2026-02-19 23:29:23'),
(2627,  377,  2,  0,  '2026-02-19 23:29:23'),
(2628,  377,  1,  0,  '2026-02-19 23:29:23'),
(2629,  390,  6,  0,  '2026-02-19 23:29:23'),
(2630,  390,  5,  0,  '2026-02-19 23:29:23'),
(2631,  390,  4,  0,  '2026-02-19 23:29:23'),
(2632,  390,  3,  0,  '2026-02-19 23:29:23'),
(2633,  390,  2,  0,  '2026-02-19 23:29:23'),
(2634,  390,  1,  0,  '2026-02-19 23:29:23'),
(2635,  26, 6,  0,  '2026-02-19 23:29:23'),
(2636,  26, 5,  0,  '2026-02-19 23:29:23'),
(2637,  26, 4,  0,  '2026-02-19 23:29:23'),
(2638,  26, 3,  0,  '2026-02-19 23:29:23'),
(2639,  26, 2,  0,  '2026-02-19 23:29:23'),
(2640,  26, 1,  0,  '2026-02-19 23:29:23'),
(2641,  49, 6,  0,  '2026-02-19 23:29:23'),
(2642,  49, 5,  0,  '2026-02-19 23:29:23'),
(2643,  49, 4,  0,  '2026-02-19 23:29:23'),
(2644,  49, 3,  0,  '2026-02-19 23:29:23'),
(2645,  49, 2,  0,  '2026-02-19 23:29:23'),
(2646,  49, 1,  0,  '2026-02-19 23:29:23'),
(2647,  70, 6,  0,  '2026-02-19 23:29:23'),
(2648,  70, 5,  0,  '2026-02-19 23:29:23'),
(2649,  70, 4,  0,  '2026-02-19 23:29:23'),
(2650,  70, 3,  0,  '2026-02-19 23:29:23'),
(2651,  70, 2,  0,  '2026-02-19 23:29:23'),
(2652,  70, 1,  0,  '2026-02-19 23:29:23'),
(2653,  84, 6,  0,  '2026-02-19 23:29:23'),
(2654,  84, 5,  0,  '2026-02-19 23:29:23'),
(2655,  84, 4,  0,  '2026-02-19 23:29:23'),
(2656,  84, 3,  0,  '2026-02-19 23:29:23'),
(2657,  84, 2,  0,  '2026-02-19 23:29:23'),
(2658,  84, 1,  0,  '2026-02-19 23:29:23'),
(2659,  93, 6,  0,  '2026-02-19 23:29:23'),
(2660,  93, 5,  0,  '2026-02-19 23:29:23'),
(2661,  93, 4,  0,  '2026-02-19 23:29:23'),
(2662,  93, 3,  0,  '2026-02-19 23:29:23'),
(2663,  93, 2,  0,  '2026-02-19 23:29:23'),
(2664,  93, 1,  0,  '2026-02-19 23:29:23'),
(2665,  101,  6,  0,  '2026-02-19 23:29:23'),
(2666,  101,  5,  0,  '2026-02-19 23:29:23'),
(2667,  101,  4,  0,  '2026-02-19 23:29:23'),
(2668,  101,  3,  0,  '2026-02-19 23:29:23'),
(2669,  101,  2,  0,  '2026-02-19 23:29:23'),
(2670,  101,  1,  0,  '2026-02-19 23:29:23'),
(2671,  110,  6,  0,  '2026-02-19 23:29:23'),
(2672,  110,  5,  0,  '2026-02-19 23:29:23'),
(2673,  110,  4,  0,  '2026-02-19 23:29:23'),
(2674,  110,  3,  0,  '2026-02-19 23:29:23'),
(2675,  110,  2,  0,  '2026-02-19 23:29:23'),
(2676,  110,  1,  0,  '2026-02-19 23:29:23'),
(2680,  458,  3,  5,  '2026-02-24 15:20:55');

DROP TABLE IF EXISTS `inventory_logs`;
CREATE TABLE `inventory_logs` (
  `id` int NOT NULL AUTO_INCREMENT,
  `product_id` int NOT NULL,
  `location_id` int NOT NULL,
  `user_id` int NOT NULL,
  `change_qty` decimal(10,2) NOT NULL,
  `after_qty` decimal(10,2) NOT NULL,
  `action_type` varchar(50) NOT NULL,
  `reference_id` int DEFAULT NULL,
  `created_at` timestamp NULL DEFAULT CURRENT_TIMESTAMP,
  PRIMARY KEY (`id`),
  KEY `product_id` (`product_id`),
  KEY `location_id` (`location_id`)
) ENGINE=InnoDB DEFAULT CHARSET=utf8mb4 COLLATE=utf8mb4_0900_ai_ci;

TRUNCATE `inventory_logs`;
INSERT INTO `inventory_logs` (`id`, `product_id`, `location_id`, `user_id`, `change_qty`, `after_qty`, `action_type`, `reference_id`, `created_at`) VALUES
(1, 15, 4,  1,  100.00, 100.00, 'restock',  0,  '2026-02-13 15:40:37'),
(2, 15, 4,  1,  -5.00,  195.00, 'transfer_out', 1,  '2026-02-13 15:56:39'),
(3, 15, 3,  1,  5.00, 5.00, 'transfer_in',  1,  '2026-02-13 15:56:42'),
(4, 15, 4,  1,  -1.00,  194.00, 'sale', 1,  '2026-02-13 15:57:27'),
(5, 15, 4,  1,  -10.00, 184.00, 'transfer_out', 2,  '2026-02-13 16:28:59'),
(6, 15, 3,  10, 10.00,  15.00,  'transfer_in',  2,  '2026-02-13 16:29:42'),
(7, 15, 3,  8,  -1.00,  14.00,  'sale', 2,  '2026-02-13 16:30:21'),
(8, 15, 4,  1,  -2.00,  182.00, 'sale', 3,  '2026-02-13 20:24:34'),
(9, 15, 4,  1,  -1.00,  181.00, 'sale', 4,  '2026-02-13 20:24:49'),
(10,  15, 4,  1,  -20.00, 161.00, 'transfer_out', 3,  '2026-02-13 20:37:20'),
(11,  15, 1,  1,  20.00,  20.00,  'transfer_in',  3,  '2026-02-13 20:37:23'),
(12,  15, 1,  1,  -1.00,  19.00,  'sale', 5,  '2026-02-13 20:37:36'),
(13,  15, 4,  1,  20.00,  181.00, 'restock',  0,  '2026-02-14 05:01:46'),
(14,  16, 3,  1,  500.00, 500.00, 'restock',  0,  '2026-02-14 05:03:53'),
(15,  16, 3,  1,  -70.00, 430.00, 'transfer_out', 4,  '2026-02-14 05:05:04'),
(16,  16, 2,  1,  70.00,  70.00,  'transfer_in',  4,  '2026-02-14 05:05:08'),
(17,  16, 2,  1,  -1.00,  69.00,  'sale', 6,  '2026-02-14 05:06:26'),
(18,  16, 2,  1,  -1.00,  68.00,  'sale', 7,  '2026-02-14 05:09:16'),
(19,  16, 2,  1,  -1.00,  67.00,  'sale', 7,  '2026-02-14 05:10:16'),
(20,  15, 1,  1,  -1.00,  18.00,  'sale', 8,  '2026-02-14 06:30:28'),
(21,  15, 1,  1,  -1.00,  17.00,  'sale', 9,  '2026-02-14 06:44:15'),
(22,  15, 1,  1,  -1.00,  16.00,  'sale', 10, '2026-02-14 07:04:59'),
(23,  15, 1,  11, -1.00,  15.00,  'sale', 11, '2026-02-14 10:25:43'),
(24,  15, 1,  2,  -1.00,  14.00,  'sale', 12, '2026-02-14 10:26:47'),
(25,  15, 1,  2,  -2.00,  12.00,  'sale', 12, '2026-02-14 10:30:45'),
(26,  15, 1,  2,  -1.00,  11.00,  'sale', 15, '2026-02-14 10:42:21'),
(27,  15, 1,  2,  -1.00,  6.00, 'sale', 24, '2026-02-14 12:22:55'),
(28,  15, 1,  2,  -1.00,  4.00, 'sale', 27, '2026-02-14 12:25:27'),
(29,  15, 1,  2,  -1.00,  3.00, 'sale', 28, '2026-02-14 12:25:56'),
(30,  15, 1,  2,  -1.00,  2.00, 'sale', 29, '2026-02-14 12:27:03'),
(31,  15, 1,  2,  -1.00,  1.00, 'sale', 30, '2026-02-14 12:27:13'),
(32,  15, 1,  2,  -1.00,  0.00, 'sale', 31, '2026-02-14 12:27:56'),
(33,  16, 3,  2,  -10.00, 420.00, 'transfer_out', 5,  '2026-02-14 13:34:28'),
(34,  16, 1,  2,  10.00,  10.00,  'transfer_in',  5,  '2026-02-14 13:34:31'),
(35,  16, 1,  2,  -1.00,  9.00, 'sale', 34, '2026-02-14 14:11:34'),
(36,  16, 1,  2,  -1.00,  7.00, 'sale', 36, '2026-02-14 14:47:02'),
(37,  18, 4,  1,  200.00, 200.00, 'restock',  1,  '2026-02-17 12:30:16'),
(38,  18, 4,  1,  -50.00, 150.00, 'transfer_out', 6,  '2026-02-17 12:33:13'),
(39,  18, 1,  1,  50.00,  50.00,  'transfer_in',  6,  '2026-02-17 12:33:17'),
(40,  18, 1,  8,  -1.00,  49.00,  'sale', 38, '2026-02-17 13:10:37'),
(41,  16, 1,  8,  -1.00,  5.00, 'sale', 38, '2026-02-17 13:10:37'),
(42,  18, 1,  8,  -1.00,  48.00,  'sale', 39, '2026-02-17 13:22:54'),
(43,  16, 1,  8,  -1.00,  4.00, 'sale', 39, '2026-02-17 13:22:54'),
(44,  16, 1,  8,  -1.00,  3.00, 'sale', 40, '2026-02-17 13:23:26'),
(45,  16, 3,  1,  -30.00, 390.00, 'transfer_out', 7,  '2026-02-17 16:05:24'),
(46,  16, 1,  1,  30.00,  31.00,  'transfer_in',  7,  '2026-02-17 16:05:27'),
(47,  18, 1,  1,  1.00, 39.00,  'refund', 59, '2026-02-17 16:16:16'),
(48,  16, 1,  1,  1.00, 30.00,  'refund', 57, '2026-02-17 16:16:26'),
(49,  18, 1,  1,  1.00, 40.00,  'refund', 57, '2026-02-17 16:16:26'),
(50,  18, 1,  1,  1.00, 41.00,  'refund', 60, '2026-02-17 16:17:17'),
(51,  18, 1,  1,  1.00, 42.00,  'refund', 47, '2026-02-17 16:17:45'),
(52,  18, 1,  1,  -1.00,  41.00,  'sale', 61, '2026-02-17 17:28:31'),
(53,  18, 1,  1,  1.00, 41.00,  'refund', 61, '2026-02-17 17:38:41'),
(54,  18, 1,  1,  -1.00,  38.00,  'sale', 70, '2026-02-17 21:38:19'),
(55,  18, 1,  1,  -1.00,  37.00,  'sale', 71, '2026-02-17 21:43:51'),
(56,  16, 1,  1,  -1.00,  30.00,  'sale', 71, '2026-02-17 21:43:51'),
(57,  16, 1,  1,  -1.00,  29.00,  'sale', 74, '2026-02-17 21:57:15'),
(58,  16, 1,  1,  -1.00,  28.00,  'sale', 74, '2026-02-17 21:57:15'),
(59,  16, 1,  1,  -1.00,  27.00,  'sale', 76, '2026-02-17 22:08:48'),
(60,  16, 1,  1,  -1.00,  26.00,  'sale', 78, '2026-02-17 22:10:15'),
(61,  18, 1,  1,  -1.00,  36.00,  'sale', 78, '2026-02-17 22:10:15'),
(62,  16, 1,  1,  -1.00,  25.00,  'sale', 78, '2026-02-17 22:10:15'),
(63,  16, 1,  1,  -1.00,  24.00,  'sale', 79, '2026-02-17 22:13:11'),
(64,  18, 1,  1,  -1.00,  35.00,  'sale', 79, '2026-02-17 22:13:11'),
(65,  16, 1,  1,  -1.00,  23.00,  'sale', 80, '2026-02-17 22:13:11'),
(66,  18, 1,  1,  -1.00,  34.00,  'waste',  0,  '2026-02-17 22:15:54'),
(67,  414,  3,  1,  10.00,  10.00,  'restock',  2,  '2026-02-20 06:24:39'),
(68,  16, 1,  1,  -1.00,  24.00,  'sale', 85, '2026-02-20 10:51:22'),
(69,  414,  6,  1,  0.00, 21.00,  'menu_update',  NULL, '2026-02-20 11:54:04'),
(70,  16, 6,  1,  0.00, 5.00, 'menu_update',  NULL, '2026-02-20 11:55:29'),
(71,  16, 1,  1,  -1.00,  23.00,  'sale', 87, '2026-02-20 12:28:55'),
(72,  16, 1,  1,  -1.00,  22.00,  'sale', 87, '2026-02-20 12:28:55'),
(73,  16, 1,  3,  -1.00,  21.00,  'sale', 89, '2026-02-24 12:37:12'),
(74,  18, 1,  3,  -1.00,  34.00,  'sale', 90, '2026-02-24 12:37:34'),
(75,  16, 1,  2,  -1.00,  20.00,  'waste',  0,  '2026-02-24 13:20:57'),
(76,  16, 1,  2,  -1.00,  19.00,  'waste',  0,  '2026-02-24 13:21:00'),
(77,  16, 1,  1,  -1.00,  18.00,  'sale', 92, '2026-02-24 13:53:29'),
(78,  16, 1,  1,  -1.00,  17.00,  'sale', 94, '2026-02-24 13:54:51'),
(79,  16, 1,  1,  -1.00,  16.00,  'sale', 95, '2026-02-24 14:23:28'),
(80,  16, 1,  1,  -1.00,  15.00,  'sale', 96, '2026-02-24 14:24:03'),
(81,  18, 1,  1,  -1.00,  33.00,  'sale', 98, '2026-02-24 14:26:12'),
(82,  458,  3,  2,  0.00, 5.00, 'menu_update',  NULL, '2026-02-24 15:20:55'),
(83,  377,  4,  2,  10.00,  10.00,  'produce',  NULL, '2026-02-24 15:33:20'),
(84,  27, 3,  2,  8.00, 8.00, 'produce',  NULL, '2026-02-24 15:41:24'),
(85,  27, 1,  2,  2.00, 2.00, 'produce',  NULL, '2026-02-24 15:43:30'),
(86,  27, 1,  2,  -1.00,  1.00, 'sale', 99, '2026-02-24 22:23:53'),
(87,  16, 1,  2,  -1.00,  14.00,  'sale', 100,  '2026-02-24 22:34:39'),
(88,  16, 1,  2,  -1.00,  13.00,  'sale', 101,  '2026-02-24 22:35:01'),
(89,  16, 1,  2,  -1.00,  12.00,  'sale', 101,  '2026-02-24 22:35:01'),
(90,  273,  4,  2,  5.00, 5.00, 'restock',  3,  '2026-02-25 00:53:40'),
(91,  234,  4,  2,  5.00, 5.00, 'restock',  3,  '2026-02-25 00:53:40'),
(92,  234,  1,  2,  -100.00,  -100.00,  'recipe_deduction', NULL, '2026-02-25 01:15:12'),
(93,  273,  1,  2,  -1.00,  -1.00,  'recipe_deduction', NULL, '2026-02-25 01:15:12'),
(94,  27, 1,  2,  -2.00,  -1.00,  'sale', NULL, '2026-02-25 01:15:12'),
(95,  234,  1,  2,  -2.00,  -102.00,  'recipe_deduction', NULL, '2026-02-25 01:17:10'),
(96,  273,  1,  2,  -1.00,  -2.00,  'recipe_deduction', NULL, '2026-02-25 01:17:10'),
(97,  234,  4,  2,  200.00, 205.00, 'restock',  4,  '2026-02-25 01:23:03'),
(98,  234,  4,  2,  -105.00,  100.00, 'transfer_out', 8,  '2026-02-25 01:23:48'),
(99,  234,  1,  2,  105.00, 3.00, 'transfer_in',  8,  '2026-02-25 01:23:56'),
(100, 273,  4,  2,  7.00, 12.00,  'restock',  5,  '2026-02-25 01:43:34'),
(101, 273,  4,  2,  -5.00,  7.00, 'transfer_out', 9,  '2026-02-25 01:45:51'),
(102, 273,  1,  2,  5.00, 3.00, 'transfer_in',  9,  '2026-02-25 01:45:55'),
(103, 234,  1,  2,  -1.00,  2.00, 'sale', NULL, '2026-02-25 02:00:19'),
(104, 273,  1,  2,  -1.00,  2.00, 'sale', NULL, '2026-02-25 02:00:19'),
(105, 234,  1,  2,  -6.00,  -4.00,  'recipe_deduction', NULL, '2026-02-25 02:00:20'),
(106, 273,  1,  2,  -3.00,  -1.00,  'recipe_deduction', NULL, '2026-02-25 02:00:20'),
(107, 273,  1,  2,  5.00, 4.00, 'restock',  6,  '2026-02-25 02:01:08'),
(108, 234,  1,  2,  6.00, 2.00, 'restock',  7,  '2026-02-25 02:01:37'),
(109, 234,  1,  2,  -2.00,  1.00, 'sale', NULL, '2026-02-25 22:43:42'),
(110, 234,  1,  2,  -2.00,  -1.00,  'recipe_deduction', NULL, '2026-02-26 00:22:42'),
(111, 273,  1,  2,  -1.00,  3.00, 'recipe_deduction', NULL, '2026-02-26 00:22:42'),
(112, 273,  1,  2,  -1.00,  2.00, 'sale', NULL, '2026-02-26 00:30:41'),
(113, 18, 1,  2,  -2.00,  31.00,  'sale', NULL, '2026-02-26 14:07:04'),
(114, 16, 1,  2,  -1.00,  11.00,  'sale', NULL, '2026-02-26 14:07:04'),
(115, 18, 1,  2,  -1.00,  30.00,  'sale', NULL, '2026-02-26 14:08:01'),
(116, 18, 1,  2,  -1.00,  29.00,  'sale', NULL, '2026-02-26 14:23:51'),
(117, 16, 1,  2,  -1.00,  10.00,  'sale', NULL, '2026-02-26 14:24:55'),
(118, 18, 1,  2,  -1.00,  28.00,  'sale', NULL, '2026-02-26 14:36:30'),
(119, 16, 1,  2,  -1.00,  9.00, 'sale', NULL, '2026-02-26 14:36:30'),
(120, 234,  1,  2,  -2.00,  -3.00,  'recipe_deduction', NULL, '2026-02-26 14:48:02'),
(121, 273,  1,  2,  -1.00,  1.00, 'recipe_deduction', NULL, '2026-02-26 14:48:02'),
(122, 18, 1,  2,  -1.00,  27.00,  'sale', NULL, '2026-02-26 19:11:45'),
(123, 16, 1,  2,  -1.00,  8.00, 'sale', NULL, '2026-02-26 20:54:27'),
(124, 18, 1,  2,  -1.00,  26.00,  'sale', NULL, '2026-02-26 20:54:27'),
(125, 18, 1,  2,  -1.00,  25.00,  'sale', NULL, '2026-02-26 21:13:30'),
(126, 18, 1,  2,  -1.00,  24.00,  'sale', NULL, '2026-02-26 21:14:02'),
(127, 234,  1,  2,  -2.00,  -5.00,  'recipe_deduction', NULL, '2026-02-26 21:16:23'),
(128, 273,  1,  2,  -1.00,  0.00, 'recipe_deduction', NULL, '2026-02-26 21:16:23'),
(129, 18, 1,  2,  -1.00,  23.00,  'sale', NULL, '2026-02-26 21:30:37'),
(130, 18, 1,  2,  -1.00,  22.00,  'sale', NULL, '2026-02-26 21:31:27'),
(131, 16, 1,  2,  -1.00,  7.00, 'sale', NULL, '2026-02-26 21:32:36'),
(132, 16, 1,  2,  -1.00,  6.00, 'sale', NULL, '2026-02-26 21:35:07'),
(133, 16, 1,  2,  -1.00,  5.00, 'sale', NULL, '2026-02-26 22:14:29'),
(134, 16, 1,  2,  -1.00,  4.00, 'sale', NULL, '2026-02-26 22:18:51'),
(135, 16, 1,  2,  -1.00,  3.00, 'sale', NULL, '2026-02-26 22:27:29'),
(136, 18, 1,  2,  -2.00,  20.00,  'sale', NULL, '2026-02-27 19:50:13'),
(137, 18, 1,  2,  2.00, 22.00,  'void_return',  NULL, '2026-02-27 19:52:53');

DROP TABLE IF EXISTS `inventory_transfers`;
CREATE TABLE `inventory_transfers` (
  `id` int NOT NULL AUTO_INCREMENT,
  `source_location_id` int NOT NULL,
  `dest_location_id` int NOT NULL,
  `product_id` int NOT NULL,
  `quantity` decimal(10,2) NOT NULL,
  `user_id` int NOT NULL,
  `status` enum('pending','in_transit','completed','cancelled') DEFAULT 'pending',
  `created_at` datetime DEFAULT CURRENT_TIMESTAMP,
  `dispatched_at` datetime DEFAULT NULL,
  `received_at` datetime DEFAULT NULL,
  PRIMARY KEY (`id`)
) ENGINE=InnoDB DEFAULT CHARSET=utf8mb4 COLLATE=utf8mb4_0900_ai_ci;

TRUNCATE `inventory_transfers`;
INSERT INTO `inventory_transfers` (`id`, `source_location_id`, `dest_location_id`, `product_id`, `quantity`, `user_id`, `status`, `created_at`, `dispatched_at`, `received_at`) VALUES
(1, 4,  3,  15, 5.00, 1,  'completed',  '2026-02-13 15:56:27',  '2026-02-13 15:56:39',  '2026-02-13 15:56:42'),
(2, 4,  3,  15, 10.00,  8,  'completed',  '2026-02-13 16:28:41',  '2026-02-13 16:28:59',  '2026-02-13 16:29:42'),
(3, 4,  1,  15, 20.00,  1,  'completed',  '2026-02-13 20:37:15',  '2026-02-13 20:37:20',  '2026-02-13 20:37:23'),
(4, 3,  2,  16, 70.00,  1,  'completed',  '2026-02-14 05:05:00',  '2026-02-14 05:05:04',  '2026-02-14 05:05:08'),
(5, 3,  1,  16, 10.00,  2,  'completed',  '2026-02-14 15:34:24',  '2026-02-14 15:34:28',  '2026-02-14 15:34:31'),
(6, 4,  1,  18, 50.00,  1,  'completed',  '2026-02-17 14:33:08',  '2026-02-17 14:33:13',  '2026-02-17 14:33:17'),
(7, 3,  1,  16, 30.00,  1,  'completed',  '2026-02-17 18:05:19',  '2026-02-17 18:05:24',  '2026-02-17 18:05:27'),
(8, 4,  1,  234,  105.00, 2,  'completed',  '2026-02-25 03:23:43',  '2026-02-25 03:23:48',  '2026-02-25 03:23:56'),
(9, 4,  1,  273,  5.00, 2,  'completed',  '2026-02-25 03:45:46',  '2026-02-25 03:45:51',  '2026-02-25 03:45:55');

DROP TABLE IF EXISTS `location_stock`;
CREATE TABLE `location_stock` (
  `id` int NOT NULL AUTO_INCREMENT,
  `location_id` int NOT NULL,
  `product_id` int NOT NULL,
  `quantity` decimal(10,2) DEFAULT '0.00',
  PRIMARY KEY (`id`),
  UNIQUE KEY `loc_prod_unique` (`location_id`,`product_id`),
  KEY `product_id` (`product_id`),
  CONSTRAINT `location_stock_ibfk_1` FOREIGN KEY (`location_id`) REFERENCES `locations` (`id`) ON DELETE CASCADE,
  CONSTRAINT `location_stock_ibfk_2` FOREIGN KEY (`product_id`) REFERENCES `products` (`id`) ON DELETE CASCADE
) ENGINE=InnoDB DEFAULT CHARSET=utf8mb4 COLLATE=utf8mb4_0900_ai_ci;

TRUNCATE `location_stock`;
INSERT INTO `location_stock` (`id`, `location_id`, `product_id`, `quantity`) VALUES
(1, 3,  15, 0.00),
(2, 3,  16, 0.00),
(3, 3,  18, 0.00);

DROP TABLE IF EXISTS `locations`;
CREATE TABLE `locations` (
  `id` int NOT NULL AUTO_INCREMENT,
  `name` varchar(50) NOT NULL,
  `type` enum('store','kitchen','bar','warehouse') NOT NULL DEFAULT 'store',
  `can_sell` tinyint(1) DEFAULT '1',
  `can_receive_from_vendor` tinyint(1) DEFAULT '0',
  `address` text,
  `phone` varchar(50) DEFAULT '555-0000',
  PRIMARY KEY (`id`)
) ENGINE=InnoDB DEFAULT CHARSET=utf8mb4 COLLATE=utf8mb4_0900_ai_ci;

TRUNCATE `locations`;
INSERT INTO `locations` (`id`, `name`, `type`, `can_sell`, `can_receive_from_vendor`, `address`, `phone`) VALUES
(1, 'main bar', 'store',  1,  0,  '', '555-0000'),
(2, 'outside bar',  'store',  1,  0,  '', '555-0000'),
(3, 'Kitchen',  'warehouse',  1,  0,  '', '555-0000'),
(4, 'Main Warehouse', 'warehouse',  1,  0,  '', '555-0000'),
(5, 'mini storeroom', 'store',  1,  0,  '', '555-0000'),
(6, 'HQ', 'warehouse',  1,  0,  '', '555-0000');

DROP TABLE IF EXISTS `members`;
CREATE TABLE `members` (
  `id` int NOT NULL AUTO_INCREMENT,
  `name` varchar(100) NOT NULL,
  `phone` varchar(20) NOT NULL,
  `email` varchar(100) DEFAULT NULL,
  `points_balance` decimal(10,2) DEFAULT '0.00',
  `created_at` timestamp NULL DEFAULT CURRENT_TIMESTAMP,
  PRIMARY KEY (`id`),
  UNIQUE KEY `phone` (`phone`)
) ENGINE=InnoDB DEFAULT CHARSET=utf8mb4 COLLATE=utf8mb4_0900_ai_ci;

TRUNCATE `members`;
INSERT INTO `members` (`id`, `name`, `phone`, `email`, `points_balance`, `created_at`) VALUES
(1, 'JAMES CHABOOKA', '0977', 'JCHABOOK@YAHOO.COM', 0.00, '2026-02-13 06:43:31');

DROP TABLE IF EXISTS `pickup_notifications`;
CREATE TABLE `pickup_notifications` (
  `id` int NOT NULL AUTO_INCREMENT,
  `sale_id` int NOT NULL,
  `item_name` varchar(255) NOT NULL,
  `status` enum('ready','collected') DEFAULT 'ready',
  `collected_by` int DEFAULT NULL,
  `created_at` timestamp NULL DEFAULT CURRENT_TIMESTAMP,
  PRIMARY KEY (`id`)
) ENGINE=InnoDB DEFAULT CHARSET=utf8mb4 COLLATE=utf8mb4_0900_ai_ci;

TRUNCATE `pickup_notifications`;
INSERT INTO `pickup_notifications` (`id`, `sale_id`, `item_name`, `status`, `collected_by`, `created_at`) VALUES
(1, 1,  'Beef Burger',  'ready',  NULL, '2026-02-13 15:57:45'),
(2, 2,  'Beef Burger',  'ready',  NULL, '2026-02-13 16:31:04'),
(3, 3,  'Beef Burger',  'ready',  NULL, '2026-02-13 20:37:44'),
(4, 4,  'Beef Burger',  'ready',  NULL, '2026-02-13 20:37:47'),
(5, 5,  'Beef Burger',  'ready',  NULL, '2026-02-13 20:37:48'),
(6, 6,  'T-Bone Steak', 'ready',  NULL, '2026-02-14 05:10:46'),
(7, 7,  'T-Bone Steak', 'collected',  6,  '2026-02-14 05:10:49'),
(8, 8,  'Beef Burger',  'ready',  NULL, '2026-02-14 06:44:23'),
(9, 9,  'Beef Burger',  'ready',  NULL, '2026-02-14 07:05:32'),
(10,  10, 'Beef Burger',  'ready',  NULL, '2026-02-14 08:12:56'),
(11,  11, 'Beef Burger',  'ready',  NULL, '2026-02-14 10:40:56'),
(12,  14, 'Beef Burger',  'ready',  NULL, '2026-02-14 10:41:52'),
(13,  15, 'Beef Burger',  'collected',  6,  '2026-02-14 10:42:50'),
(14,  16, 'Beef Burger',  'ready',  NULL, '2026-02-14 10:55:57'),
(15,  18, 'Beef Burger',  'collected',  6,  '2026-02-14 10:57:30'),
(16,  20, 'Beef Burger',  'collected',  6,  '2026-02-14 11:12:21'),
(17,  22, 'Beef Burger',  'ready',  NULL, '2026-02-14 11:13:44'),
(18,  24, 'Beef Burger',  'collected',  6,  '2026-02-14 12:23:00'),
(19,  25, 'Beef Burger',  'collected',  6,  '2026-02-14 12:23:50'),
(20,  27, 'Beef Burger',  'ready',  NULL, '2026-02-14 12:25:37'),
(21,  28, 'Beef Burger',  'ready',  NULL, '2026-02-14 12:26:03'),
(22,  29, 'Beef Burger',  'collected',  6,  '2026-02-14 12:27:20'),
(23,  30, 'Beef Burger',  'ready',  NULL, '2026-02-14 12:27:21'),
(24,  31, 'Beef Burger',  'ready',  NULL, '2026-02-14 12:28:02'),
(25,  34, 'T-Bone Steak', 'collected',  6,  '2026-02-14 14:12:58'),
(26,  35, 'T-Bone Steak', 'collected',  11, '2026-02-14 14:48:38'),
(27,  35, 'T-Bone Steak', 'collected',  11, '2026-02-14 16:37:01'),
(28,  36, 'T-Bone Steak', 'collected',  5,  '2026-02-14 16:37:03'),
(29,  38, 'T-Bone Steak', 'collected',  6,  '2026-02-17 13:25:53'),
(30,  39, 'T-Bone Steak', 'collected',  9,  '2026-02-17 13:25:55'),
(31,  40, 'T-Bone Steak', 'collected',  6,  '2026-02-17 13:25:56'),
(32,  44, 'T-Bone Steak', 'collected',  6,  '2026-02-17 13:33:25'),
(33,  50, 'T-Bone Steak', 'collected',  6,  '2026-02-17 13:42:00'),
(34,  65, 'T-Bone Steak', 'ready',  NULL, '2026-02-17 19:58:36'),
(35,  27, 'wifi', 'ready',  NULL, '2026-02-17 21:43:11'),
(36,  70, 'Coca Cola',  'collected',  6,  '2026-02-17 21:43:14'),
(37,  73, 'T-Bone Steak', 'ready',  NULL, '2026-02-17 21:46:02'),
(38,  74, 'T-Bone Steak', 'collected',  6,  '2026-02-17 21:57:54'),
(39,  75, 'T-Bone Steak', 'ready',  NULL, '2026-02-17 22:09:11'),
(40,  76, 'T-Bone Steak', 'collected',  6,  '2026-02-17 22:09:19'),
(41,  78, 'T-Bone Steak', 'collected',  6,  '2026-02-17 22:10:57'),
(42,  78, 'T-Bone Steak', 'collected',  6,  '2026-02-17 22:11:41'),
(43,  77, 'T-Bone Steak', 'ready',  NULL, '2026-02-20 10:51:43'),
(44,  81, 'T-Bone Steak', 'ready',  NULL, '2026-02-20 10:51:45'),
(45,  82, 'T-Bone Steak', 'ready',  NULL, '2026-02-20 10:51:46'),
(46,  85, 'T-Bone Steak', 'collected',  6,  '2026-02-20 10:51:49'),
(47,  86, 'T-Bone Steak', 'ready',  NULL, '2026-02-20 12:29:28'),
(48,  87, 'T-Bone Steak', 'collected',  5,  '2026-02-24 06:04:14'),
(49,  88, 'T-Bone Steak', 'ready',  NULL, '2026-02-24 13:18:16'),
(50,  89, 'T-Bone Steak', 'collected',  6,  '2026-02-24 13:40:54'),
(51,  91, 'T-Bone Steak', 'ready',  NULL, '2026-02-24 13:53:49'),
(52,  92, 'T-Bone Steak', 'ready',  NULL, '2026-02-24 13:53:51'),
(53,  93, 'T-Bone Steak', 'ready',  NULL, '2026-02-24 13:55:03'),
(54,  94, 'T-Bone Steak', 'ready',  NULL, '2026-02-24 13:55:04'),
(55,  95, 'T-Bone Steak', 'collected',  6,  '2026-02-24 14:25:10'),
(56,  97, 'T-Bone Steak', 'collected',  3,  '2026-02-24 14:25:11'),
(57,  99, 'CABANOSIS',  'collected',  6,  '2026-02-24 22:24:26'),
(58,  100,  'T-Bone Steak', 'collected',  6,  '2026-02-24 22:35:17'),
(59,  101,  'T-Bone Steak', 'collected',  3,  '2026-02-24 22:46:40'),
(60,  117,  'CABANOSIS',  'collected',  6,  '2026-02-25 01:17:20'),
(61,  123,  'T-Bone Steak', 'ready',  NULL, '2026-02-26 14:26:15'),
(62,  125,  'T-Bone Steak', 'collected',  6,  '2026-02-26 14:27:19'),
(63,  126,  'T-Bone Steak', 'collected',  6,  '2026-02-26 20:55:02'),
(64,  129,  'T-Bone Steak', 'collected',  6,  '2026-02-26 20:55:02'),
(65,  133,  'T-Bone Steak', 'collected',  6,  '2026-02-26 21:33:30'),
(66,  130,  'MAGARITA COCKTAIL',  'collected',  6,  '2026-02-26 21:33:32'),
(67,  129,  'Coca Cola',  'collected',  6,  '2026-02-26 21:33:33'),
(68,  135,  'T-Bone Steak', 'collected',  6,  '2026-02-26 22:15:18'),
(69,  134,  'T-Bone Steak', 'collected',  6,  '2026-02-26 22:17:19'),
(70,  136,  'T-Bone Steak', 'collected',  6,  '2026-02-26 22:19:22'),
(71,  137,  'T-Bone Steak', 'collected',  6,  '2026-02-26 22:27:54');

DROP TABLE IF EXISTS `product_recipes`;
CREATE TABLE `product_recipes` (
  `id` int NOT NULL AUTO_INCREMENT,
  `parent_product_id` int NOT NULL COMMENT 'The sellable cocktail/meal',
  `ingredient_product_id` int NOT NULL COMMENT 'The raw bottle/ingredient',
  `quantity` decimal(10,4) NOT NULL COMMENT 'Amount deducted per sale (e.g., 0.05 for 50ml)',
  PRIMARY KEY (`id`),
  KEY `parent_idx` (`parent_product_id`)
) ENGINE=InnoDB DEFAULT CHARSET=utf8mb4 COLLATE=utf8mb4_0900_ai_ci;

TRUNCATE `product_recipes`;
INSERT INTO `product_recipes` (`id`, `parent_product_id`, `ingredient_product_id`, `quantity`) VALUES
(3, 385,  234,  2.0000),
(4, 385,  273,  1.0000);

DROP TABLE IF EXISTS `products`;
CREATE TABLE `products` (
  `id` int NOT NULL AUTO_INCREMENT,
  `name` varchar(100) NOT NULL,
  `sku` varchar(50) DEFAULT NULL,
  `price` decimal(10,2) DEFAULT '0.00',
  `cost_price` decimal(10,2) DEFAULT '0.00',
  `unit` varchar(20) DEFAULT 'unit',
  `category_id` int DEFAULT NULL,
  `is_active` tinyint(1) DEFAULT '1',
  `type` enum('item','service') DEFAULT 'item',
  `is_open_price` tinyint(1) DEFAULT '0',
  PRIMARY KEY (`id`),
  UNIQUE KEY `sku` (`sku`),
  KEY `category_id` (`category_id`),
  CONSTRAINT `products_ibfk_1` FOREIGN KEY (`category_id`) REFERENCES `categories` (`id`) ON DELETE SET NULL
) ENGINE=InnoDB DEFAULT CHARSET=utf8mb4 COLLATE=utf8mb4_0900_ai_ci;

TRUNCATE `products`;
INSERT INTO `products` (`id`, `name`, `sku`, `price`, `cost_price`, `unit`, `category_id`, `is_active`, `type`, `is_open_price`) VALUES
(15,  'Beef Burger',  NULL, 70.00,  50.00,  'Kg', 2,  1,  'item', 0),
(16,  'T-Bone Steak', 'Tbone001', 60.00,  40.00,  'kg', 2,  1,  'item', 0),
(17,  'wifi', NULL, 0.00, 0.00, 'unit', NULL, 1,  'service',  0),
(18,  'Coca Cola',  'CC001',  15.00,  10.00,  'ml', 1,  1,  'item', 0),
(19,  'water bottle', NULL, 0.00, 0.00, 'unit', NULL, 1,  'service',  0),
(20,  'JAMESON IPA 750 ML', NULL, 0.00, 0.00, 'unit', 1,  1,  'item', 0),
(21,  'HEINEKEN SILVER NRB 340mls', NULL, 45.00,  0.00, 'unit', 1,  1,  'item', 0),
(22,  'COSMO',  NULL, 50.00,  0.00, 'unit', 1,  1,  'item', 0),
(23,  'VICE MOJITO',  NULL, 100.00, 0.00, 'unit', 1,  1,  'item', 0),
(24,  'CUVEE ROSE', NULL, 0.00, 0.00, 'unit', 1,  1,  'item', 0),
(25,  'LAUTUS WINE',  NULL, 0.00, 0.00, 'unit', 1,  1,  'item', 0),
(26,  'CALCIUM 5 L',  NULL, 0.00, 0.00, 'unit', 5,  1,  'item', 0),
(27,  'CABANOSIS',  NULL, 35.00,  0.00, 'unit', 4,  1,  'item', 0),
(28,  '1430 CIDER', NULL, 40.00,  0.00, 'unit', 1,  1,  'item', 0),
(29,  'RASPBERRY GRENACHE', NULL, 50.00,  0.00, 'unit', 1,  1,  'item', 0),
(30,  'CHATEAU CAN',  NULL, 60.00,  0.00, 'unit', 1,  1,  'item', 0),
(31,  'HENNESSY VERY SPECIAL',  NULL, 90.00,  0.00, 'unit', 1,  1,  'item', 0),
(32,  'GINOLOGIST TREE SET',  NULL, 200.00, 0.00, 'unit', 1,  1,  'item', 0),
(33,  'ROBERTSON PINOTAGE', NULL, 240.00, 0.00, 'unit', 1,  1,  'item', 0),
(34,  'KWV PINOTAGE', NULL, 300.00, 0.00, 'unit', 1,  1,  'item', 0),
(35,  'ROBERTSON CHAPHEL RED',  NULL, 300.00, 0.00, 'unit', 1,  1,  'item', 0),
(36,  'VAN LOVEREN PINOTAGE', NULL, 350.00, 0.00, 'unit', 1,  1,  'item', 0),
(37,  'GOLDEN KAAN',  NULL, 400.00, 0.00, 'unit', 1,  1,  'item', 0),
(38,  'PEARLY BAY', NULL, 400.00, 0.00, 'unit', 1,  1,  'item', 0),
(39,  'FAT BASTARD CHARDONNAY 750 ML',  NULL, 400.00, 0.00, 'unit', 1,  1,  'item', 0),
(40,  'PROTEA ROSE',  NULL, 500.00, 0.00, 'unit', 1,  1,  'item', 0),
(41,  'TALL HORSE SHIRAZ',  NULL, 500.00, 0.00, 'unit', 1,  1,  'item', 0),
(42,  'NEDERBURG SHIRAZ', NULL, 520.00, 0.00, 'unit', 1,  1,  'item', 0),
(43,  'JP CHENET',  NULL, 600.00, 0.00, 'unit', 1,  1,  'item', 0),
(44,  'VAN LOVREN BRUT 750 ML', NULL, 700.00, 0.00, 'unit', 1,  1,  'item', 0),
(45,  'ALITA CUVEE BRUT 750 ML',  NULL, 750.00, 0.00, 'unit', 1,  1,  'item', 0),
(46,  'FAIRVIEW SWEET RED SOFT',  NULL, 800.00, 0.00, 'unit', 1,  1,  'item', 0),
(47,  'MOJITO', NULL, 0.00, 0.00, 'unit', 1,  1,  'item', 0),
(48,  'BROTHERS STRAWBERRY',  NULL, 0.00, 0.00, 'unit', 1,  1,  'item', 0),
(49,  'GRANULAR CHLORIDE 2 KGs',  NULL, 0.00, 0.00, 'unit', 5,  1,  'item', 0),
(50,  'BUTTLERS TRIPPLE SEC', NULL, 10.00,  0.00, 'unit', 1,  1,  'item', 0),
(51,  'FOUR COUSINS SWEET RED 3L',  NULL, 50.00,  0.00, 'unit', 1,  1,  'item', 0),
(52,  'VICE PINACOLANDA', NULL, 100.00, 0.00, 'unit', 1,  1,  'item', 0),
(53,  'HENNESSY VSOP',  NULL, 150.00, 0.00, 'unit', 1,  1,  'item', 0),
(54,  'PROTEA MERLOT',  NULL, 320.00, 0.00, 'unit', 1,  1,  'item', 0),
(55,  'PAUL CLUVER',  NULL, 350.00, 0.00, 'unit', 1,  1,  'item', 0),
(56,  'CRONIER SWEET RED',  NULL, 400.00, 0.00, 'unit', 1,  1,  'item', 0),
(57,  'JC LE ROUX LA CHANSON 750',  NULL, 400.00, 0.00, 'unit', 1,  1,  'item', 0),
(58,  'KWV CHARDONNAY', NULL, 400.00, 0.00, 'unit', 1,  1,  'item', 0),
(59,  'PORCUPINE RIDGE 750mls', NULL, 500.00, 0.00, 'unit', 1,  1,  'item', 0),
(60,  'TALL HORSE MERLOT',  NULL, 500.00, 0.00, 'unit', 1,  1,  'item', 0),
(61,  'ZONNEBLOEM', NULL, 500.00, 0.00, 'unit', 1,  1,  'item', 0),
(62,  'GLEN CARLOU MERLOT 750mls',  NULL, 500.00, 0.00, 'unit', 1,  1,  'item', 0),
(63,  'FRANSEHHOEK MERLOT', NULL, 700.00, 0.00, 'unit', 1,  1,  'item', 0),
(64,  '1698 PINOTAGE',  NULL, 800.00, 0.00, 'unit', 1,  1,  'item', 0),
(65,  'DE KRANS', NULL, 800.00, 0.00, 'unit', 1,  1,  'item', 0),
(66,  'FAIRVIEW SWEET RED', NULL, 800.00, 0.00, 'unit', 1,  1,  'item', 0),
(67,  'WAR WICK', NULL, 800.00, 0.00, 'unit', 1,  1,  'item', 0),
(68,  'CEDERBERG',  NULL, 900.00, 0.00, 'unit', 1,  1,  'item', 0),
(69,  'TRANSCHOEK CELLAR',  NULL, 900.00, 0.00, 'unit', 1,  1,  'item', 0),
(70,  'REAM OF PAPER',  NULL, 0.00, 0.00, 'unit', 5,  1,  'item', 0),
(71,  'MINERAL VATRA WATER 500ML',  NULL, 10.00,  0.00, 'unit', 1,  1,  'item', 0),
(72,  'STRAWBERRY LIPS',  NULL, 50.00,  0.00, 'unit', 1,  1,  'item', 0),
(73,  'DISARONNO',  NULL, 60.00,  0.00, 'unit', 1,  1,  'item', 0),
(74,  'CELLAR CASK RED 5L', NULL, 70.00,  0.00, 'unit', 1,  1,  'item', 0),
(75,  'CHAMDOR GRAPE',  NULL, 300.00, 0.00, 'unit', 1,  1,  'item', 0),
(76,  'FOUR COUSINS WHITE 750mls',  NULL, 320.00, 0.00, 'unit', 1,  1,  'item', 0),
(77,  'DROSTDY DRY RED 750mls', NULL, 380.00, 0.00, 'unit', 1,  1,  'item', 0),
(78,  'KWV CHENIN BLANC', NULL, 400.00, 0.00, 'unit', 1,  1,  'item', 0),
(79,  'WOLFTRAP ROSE',  NULL, 400.00, 0.00, 'unit', 1,  1,  'item', 0),
(80,  'BONNE ESPIRANCE WHITE',  NULL, 430.00, 0.00, 'unit', 1,  1,  'item', 0),
(81,  'DIEMERSDAL WINE',  NULL, 480.00, 0.00, 'unit', 1,  1,  'item', 0),
(82,  'CHATEU_LIBERTAS 750mls', NULL, 500.00, 0.00, 'unit', 1,  1,  'item', 0),
(83,  'TALL HORSE CAB SAV', NULL, 500.00, 0.00, 'unit', 1,  1,  'item', 0),
(84,  'SPIRIT OF SALT 2.5 L', NULL, 0.00, 0.00, 'unit', 5,  1,  'item', 0),
(85,  'GINGER ALE', NULL, 20.00,  0.00, 'unit', 1,  1,  'item', 0),
(86,  'GINGER ALE 330ML', NULL, 25.00,  0.00, 'unit', 1,  1,  'item', 0),
(87,  'NEDERBURG PINOTAGE 750mls',  NULL, 400.00, 0.00, 'unit', 1,  1,  'item', 0),
(88,  'SWARTLAND',  NULL, 400.00, 0.00, 'unit', 1,  1,  'item', 0),
(89,  'JP CHENET PINK 750 ML',  NULL, 600.00, 0.00, 'unit', 1,  1,  'item', 0),
(90,  'MOET CHAMPAGNE 750mls',  NULL, 2000.00,  0.00, 'unit', 1,  1,  'item', 0),
(91,  'SAVANNAH LIME CORDIAL 2 LTRS', NULL, 0.00, 0.00, 'unit', 1,  1,  'item', 0),
(92,  'COSMO BROTHERS_',  NULL, 0.00, 0.00, 'unit', 1,  1,  'item', 0),
(93,  'TEE-POL 5L', NULL, 0.00, 0.00, 'unit', 5,  1,  'item', 0),
(94,  'RED BULL', NULL, 60.00,  0.00, 'unit', 1,  1,  'item', 0),
(95,  'SHERIDAN SHOOTER', NULL, 60.00,  0.00, 'unit', 1,  1,  'item', 0),
(96,  'KWV BRANDY 10 YRS 750 ML', NULL, 65.00,  0.00, 'unit', 1,  1,  'item', 0),
(97,  'JAMESON STOUT 750 ML', NULL, 75.00,  0.00, 'unit', 1,  1,  'item', 0),
(98,  'DROSTDY DRY WHITE 750mls', NULL, 380.00, 0.00, 'unit', 1,  1,  'item', 0),
(99,  'CRONIER MERLOT 750mls',  NULL, 600.00, 0.00, 'unit', 1,  1,  'item', 0),
(100, 'BLACK LABEL WHISKY', NULL, 0.00, 0.00, 'unit', 1,  1,  'item', 0),
(101, 'THICK BLEACH 750MLS',  NULL, 0.00, 0.00, 'unit', 5,  1,  'item', 0),
(102, 'VICE LEMON DROP',  NULL, 100.00, 0.00, 'unit', 1,  1,  'item', 0),
(103, 'SUN KISSED SWEET RED 750mls',  NULL, 400.00, 0.00, 'unit', 1,  1,  'item', 0),
(104, 'BELGRAVIA CAN',  NULL, 80.00,  0.00, 'unit', 1,  1,  'item', 0),
(105, 'PINA COLADA COCKTAIL', NULL, 170.00, 0.00, 'unit', 1,  1,  'item', 0),
(106, 'BROTHERS PIN COLADA',  NULL, 0.00, 0.00, 'unit', 1,  1,  'item', 0),
(107, 'FLYING FISH BOTTLE', NULL, 45.00,  0.00, 'unit', 1,  1,  'item', 0),
(108, 'ROBERTSON WINE 5L',  NULL, 80.00,  0.00, 'unit', 1,  1,  'item', 0),
(109, 'JP CHENET ICE WHITE',  NULL, 430.00, 0.00, 'unit', 1,  1,  'item', 0),
(110, 'FURNITURE SPRAY 750MLS', NULL, 0.00, 0.00, 'unit', 5,  1,  'item', 0),
(111, 'BELVEDERE VODKA',  NULL, 80.00,  0.00, 'unit', 1,  1,  'item', 0),
(112, 'FAT BASTARD GOLDEN 750mls',  NULL, 800.00, 0.00, 'unit', 1,  1,  'item', 0),
(113, 'NANO PLUS 750MLS', NULL, 0.00, 0.00, 'unit', 1,  1,  'item', 0),
(114, 'GINGER ALE SCHWEPPES 330mls',  NULL, 25.00,  0.00, 'unit', 1,  1,  'item', 0),
(115, 'GENTLEMAN JACK', NULL, 120.00, 0.00, 'unit', 1,  1,  'item', 0),
(116, 'TONIC WATER BROTHERS 200 ML',  NULL, 25.00,  0.00, 'unit', 1,  1,  'item', 0),
(117, 'HUNTERS DRY',  NULL, 45.00,  0.00, 'unit', 1,  1,  'item', 0),
(118, 'FOUR COUSINS SWEET RED 750mls',  NULL, 350.00, 0.00, 'unit', 1,  1,  'item', 0),
(119, 'LYRIC NEDERBURG WHITE',  NULL, 350.00, 0.00, 'unit', 1,  1,  'item', 0),
(120, 'HUNTERS GOLD CAN', NULL, 60.00,  0.00, 'unit', 1,  1,  'item', 0),
(121, 'CRONIER SHIRAZ 750mls',  NULL, 600.00, 0.00, 'unit', 1,  1,  'item', 0),
(122, 'SAVANNA LIME 500mls',  NULL, 10.00,  0.00, 'unit', 1,  1,  'item', 0),
(123, 'PRAVDA VODKA', NULL, 60.00,  0.00, 'unit', 1,  1,  'item', 0),
(124, 'SUN KISSED SWEET WHITE 750mls',  NULL, 400.00, 0.00, 'unit', 1,  1,  'item', 0),
(125, 'SODA WATER BROTHERS 200 ML', NULL, 25.00,  0.00, 'unit', 1,  1,  'item', 0),
(126, 'INVERROCHE AMBER', NULL, 40.00,  0.00, 'unit', 1,  1,  'item', 0),
(127, 'KLIPDRIFT PRIMIUM 750 ML', NULL, 50.00,  0.00, 'unit', 1,  1,  'item', 0),
(128, 'SAVANNA DRY',  NULL, 45.00,  0.00, 'unit', 1,  1,  'item', 0),
(129, 'AMARULA ETHIOPIAN',  NULL, 50.00,  0.00, 'unit', 1,  1,  'item', 0),
(130, 'BUMBU GOLD', NULL, 80.00,  0.00, 'unit', 1,  1,  'item', 0),
(131, 'VATRA 500MLS', NULL, 10.00,  0.00, 'unit', 1,  1,  'item', 0),
(132, 'GINGER ALE BROTHERS 200 ML', NULL, 25.00,  0.00, 'unit', 1,  1,  'item', 0),
(133, 'BUTLERS PEPPER MINT',  NULL, 35.00,  0.00, 'unit', 1,  1,  'item', 0),
(134, 'FAT BASTARD CABERNET 750mls',  NULL, 400.00, 0.00, 'unit', 1,  1,  'item', 0),
(135, 'CHAPTAIN MORGAN SPICE GOLD', NULL, 0.00, 0.00, 'unit', 1,  1,  'item', 0),
(136, 'MINERAL VATRA WATER 750ML',  NULL, 15.00,  0.00, 'unit', 1,  1,  'item', 0),
(137, 'BLUE CURACAO', NULL, 15.00,  0.00, 'unit', 1,  1,  'item', 0),
(138, 'COKE ZERO PET 500mls', NULL, 25.00,  0.00, 'unit', 1,  1,  'item', 0),
(139, 'DONJULIO', NULL, 200.00, 0.00, 'unit', 1,  1,  'item', 0),
(140, 'ROYAL FLUSH GIN',  NULL, 0.00, 0.00, 'unit', 1,  1,  'item', 0),
(141, 'SINGLETON WHISKEY',  NULL, 45.00,  0.00, 'unit', 1,  1,  'item', 0),
(142, 'ROYAL RHINO 750MLS', NULL, 50.00,  0.00, 'unit', 1,  1,  'item', 0),
(143, 'MOSI LAGER RGB_750mls',  NULL, 60.00,  0.00, 'unit', 1,  1,  'item', 0),
(144, 'INVERROCHE VERDANY', NULL, 40.00,  0.00, 'unit', 1,  1,  'item', 0),
(145, 'HENNESSEY X.O',  NULL, 450.00, 0.00, 'unit', 1,  1,  'item', 0),
(146, 'BOTTEGA GIN',  NULL, 0.00, 0.00, 'unit', 1,  1,  'item', 0),
(147, 'TULLAMORE DEW 1L', NULL, 0.00, 0.00, 'unit', 1,  1,  'item', 0),
(148, 'GRANTS APERITIF SPIRIT', NULL, 40.00,  0.00, 'unit', 1,  1,  'item', 0),
(149, 'RED HEART',  NULL, 40.00,  0.00, 'unit', 1,  1,  'item', 0),
(150, 'GRANTS 12yrs', NULL, 40.00,  0.00, 'unit', 1,  1,  'item', 0),
(151, 'ABSOLUTE VODKA RASBERRY',  NULL, 50.00,  0.00, 'unit', 1,  1,  'item', 0),
(152, 'JACK DANIELS 750 ML',  NULL, 70.00,  0.00, 'unit', 1,  1,  'item', 0),
(153, 'PONCHOS PREM TEQUILIO',  NULL, 70.00,  0.00, 'unit', 1,  1,  'item', 0),
(154, 'CAPE SAINT BLAZE', NULL, 80.00,  0.00, 'unit', 1,  1,  'item', 0),
(155, 'CRUZ_VODKA MANHATTAN', NULL, 80.00,  0.00, 'unit', 1,  1,  'item', 0),
(156, 'MAKERS MARK',  NULL, 80.00,  0.00, 'unit', 1,  1,  'item', 0),
(157, 'CRUZ_VODKA VINTAGE BLACK', NULL, 80.00,  0.00, 'unit', 1,  1,  'item', 0),
(158, 'BULLDOG GIN 750 ML', NULL, 100.00, 0.00, 'unit', 1,  1,  'item', 0),
(159, 'DRUNKEN HORSE',  NULL, 100.00, 0.00, 'unit', 1,  1,  'item', 0),
(160, 'SKILPADTEPEL', NULL, 100.00, 0.00, 'unit', 1,  1,  'item', 0),
(161, 'PATRON TEQUILA', NULL, 250.00, 0.00, 'unit', 1,  1,  'item', 0),
(162, 'REMMY MARTINI XO', NULL, 500.00, 0.00, 'unit', 1,  1,  'item', 0),
(163, 'OUDE MASTER VSO',  NULL, 630.00, 0.00, 'unit', 1,  1,  'item', 0),
(164, 'SAVANNA LIME 2L',  NULL, 10.00,  0.00, 'unit', 1,  1,  'item', 0),
(165, 'CACTUS JACK TEQUILA',  NULL, 50.00,  0.00, 'unit', 1,  1,  'item', 0),
(166, 'JAM JAR RED 750 ML', NULL, 400.00, 0.00, 'unit', 1,  1,  'item', 0),
(167, 'BOTEGA GOLD 750 ML', NULL, 0.00, 0.00, 'unit', 1,  1,  'item', 0),
(168, 'CAPTAIN MORGAN DARK',  NULL, 40.00,  0.00, 'unit', 1,  1,  'item', 0),
(169, 'BOYYEGA GIN BACUR 1L', NULL, 90.00,  0.00, 'unit', 1,  1,  'item', 0),
(170, 'TEQUILA 1800', NULL, 110.00, 0.00, 'unit', 1,  1,  'item', 0),
(171, 'JAM JAR WHITE 750mls', NULL, 400.00, 0.00, 'unit', 1,  1,  'item', 0),
(172, 'NSHIMA PORTION', NULL, 30.00,  0.00, 'unit', 2,  1,  'item', 0),
(173, 'TULLAMORE DEW 750 ML', NULL, 40.00,  0.00, 'unit', 1,  1,  'item', 0),
(174, 'KWV BRANDY 5 YRS 750 ML',  NULL, 50.00,  0.00, 'unit', 1,  1,  'item', 0),
(175, 'WINDHOEK LAGER', NULL, 50.00,  0.00, 'unit', 1,  1,  'item', 0),
(176, 'JAM JAR SWEET SHIRAZ 750 ML',  NULL, 400.00, 0.00, 'unit', 1,  1,  'item', 0),
(177, 'GINOLOGIST GIN 750 ML',  NULL, 80.00,  0.00, 'unit', 1,  1,  'item', 0),
(178, 'ROBERTSON NATURAL SWEET RED 750mls', NULL, 460.00, 0.00, 'unit', 1,  1,  'item', 0),
(179, 'BLACK LABEL LAGER RGB 750mls', NULL, 60.00,  0.00, 'unit', 1,  1,  'item', 0),
(180, 'LEMONADE 200 ML',  NULL, 25.00,  0.00, 'unit', 1,  1,  'item', 0),
(181, 'CIROC SNAPFROST',  NULL, 80.00,  0.00, 'unit', 1,  1,  'item', 0),
(182, 'REMY MARTIN V.O.S.P',  NULL, 130.00, 0.00, 'unit', 1,  1,  'item', 0),
(183, 'KWV BRANDY 3 YRS 750 ML',  NULL, 40.00,  0.00, 'unit', 1,  1,  'item', 0),
(184, 'CASTLE LAGER RGB 750mls',  NULL, 60.00,  0.00, 'unit', 1,  1,  'item', 0),
(185, 'CINZANO RED (ROSO)', NULL, 35.00,  0.00, 'unit', 1,  1,  'item', 0),
(186, 'BAILEYS 750 ML', NULL, 50.00,  0.00, 'unit', 1,  1,  'item', 0),
(187, 'SKY VODKA',  NULL, 50.00,  0.00, 'unit', 1,  1,  'item', 0),
(188, 'CHIVAS LEGAL 15YRS', NULL, 100.00, 0.00, 'unit', 1,  1,  'item', 0),
(189, 'REMMY MARTINI VSOP', NULL, 0.00, 0.00, 'unit', 1,  1,  'item', 0),
(190, 'TEQUILA GOLD', NULL, 50.00,  0.00, 'unit', 1,  1,  'item', 0),
(191, 'JACK DANIELS HONEY 750mls',  NULL, 60.00,  0.00, 'unit', 1,  1,  'item', 0),
(192, 'BELLS XTRA SPECIAL', NULL, 60.00,  0.00, 'unit', 1,  1,  'item', 0),
(193, 'JOHN WALKER 18 YRS', NULL, 180.00, 0.00, 'unit', 1,  1,  'item', 0),
(194, 'BLACK COFFEE', NULL, 45.00,  0.00, 'unit', 1,  1,  'item', 0),
(195, 'BUDWEISER',  NULL, 50.00,  0.00, 'unit', 1,  1,  'item', 0),
(196, 'JAM TARTS',  NULL, 50.00,  0.00, 'unit', 1,  1,  'item', 0),
(197, 'KAHLUA COFFEE',  NULL, 75.00,  0.00, 'unit', 1,  1,  'item', 0),
(198, 'SPRITE_RGB_300mls',  NULL, 15.00,  0.00, 'unit', 1,  1,  'item', 0),
(199, 'BRUTAL FRUIT BOTTLE',  NULL, 45.00,  0.00, 'unit', 1,  1,  'item', 0),
(200, 'CHIVAS 12 YEARS 750 ML', NULL, 60.00,  0.00, 'unit', 1,  1,  'item', 0),
(201, 'FRUITICANA JUICE', NULL, 25.00,  0.00, 'unit', 1,  1,  'item', 0),
(202, 'WINDHOEK DRAUGHT', NULL, 80.00,  0.00, 'unit', 1,  1,  'item', 0),
(203, 'JAMESON BLACK BARREL 750 ML',  NULL, 80.00,  0.00, 'unit', 1,  1,  'item', 0),
(204, 'JAGERMASTER 1L', NULL, 50.00,  0.00, 'unit', 1,  1,  'item', 0),
(205, 'CIROC APPLE',  NULL, 80.00,  0.00, 'unit', 1,  1,  'item', 0),
(206, 'BUMBU BLACK XO', NULL, 90.00,  0.00, 'unit', 1,  1,  'item', 0),
(207, 'TEQUILA SILVER 750 ML',  NULL, 0.00, 0.00, 'unit', 1,  1,  'item', 0),
(208, 'JACKSON BROWN 750mls', NULL, 30.00,  0.00, 'unit', 1,  1,  'item', 0),
(209, 'VICEROY 5yrs', NULL, 50.00,  0.00, 'unit', 1,  1,  'item', 0),
(210, 'CIROC PINEAPPLE',  NULL, 80.00,  0.00, 'unit', 1,  1,  'item', 0),
(211, 'JOHNNIE WALKER B/LABEL 750ML', NULL, 60.00,  0.00, 'unit', 1,  1,  'item', 0),
(212, 'FANTA CANNED', NULL, 25.00,  0.00, 'unit', 1,  1,  'item', 0),
(213, 'MINUTE MAID',  NULL, 25.00,  0.00, 'unit', 1,  1,  'item', 0),
(214, 'JOHNNIE WALKER R/LABEL 750ML', NULL, 50.00,  0.00, 'unit', 1,  1,  'item', 0),
(215, 'HUNTERS GOLD', NULL, 45.00,  0.00, 'unit', 1,  1,  'item', 0),
(216, 'BUMBU SPIRIT APARITIF',  NULL, 80.00,  0.00, 'unit', 1,  1,  'item', 0),
(217, 'JOHNNIE WALKER G/LABLE 750ML', NULL, 100.00, 0.00, 'unit', 1,  1,  'item', 0),
(218, 'ABSOLUTE VODKA', NULL, 40.00,  0.00, 'unit', 1,  1,  'item', 0),
(219, 'AQUA SAVANA 750ML',  NULL, 15.00,  0.00, 'unit', 1,  1,  'item', 0),
(220, 'HEINIKEN NRB 340mls',  NULL, 50.00,  0.00, 'unit', 1,  1,  'item', 0),
(221, 'SPRITE PET 500mls',  NULL, 25.00,  0.00, 'unit', 1,  1,  'item', 0),
(222, 'COKE CANNED',  NULL, 25.00,  0.00, 'unit', 1,  1,  'item', 0),
(223, 'FRUTICANA',  NULL, 25.00,  0.00, 'unit', 1,  1,  'item', 0),
(224, 'BARCADI RUM',  NULL, 50.00,  0.00, 'unit', 1,  1,  'item', 0),
(225, 'AMERICANO COFFEE', NULL, 45.00,  0.00, 'unit', 1,  1,  'item', 0),
(226, 'STELLA ARTOIS',  NULL, 45.00,  0.00, 'unit', 1,  1,  'item', 0),
(227, 'CAPPUCCINO_COFFEE',  NULL, 60.00,  0.00, 'unit', 1,  1,  'item', 0),
(228, 'COFFEE LA TE', NULL, 65.00,  0.00, 'unit', 1,  1,  'item', 0),
(229, 'GLENFIDICH 15YRS', NULL, 140.00, 0.00, 'unit', 1,  1,  'item', 0),
(230, 'CASTLE LAGER RGB 375mls',  NULL, 35.00,  0.00, 'unit', 1,  1,  'item', 0),
(231, 'BEEFEATER WHITE',  NULL, 40.00,  0.00, 'unit', 1,  1,  'item', 0),
(232, 'FANTA_ORANGE_RGB_300mls',  NULL, 15.00,  0.00, 'unit', 1,  1,  'item', 0),
(233, 'HENDRICKS',  NULL, 70.00,  0.00, 'unit', 1,  1,  'item', 0),
(234, 'AMARULA 750 ML', NULL, 100.00, 80.00,  'unit', 1,  1,  'item', 0),
(235, 'FANTA ORANGE PET 500mls',  NULL, 25.00,  0.00, 'unit', 1,  1,  'item', 0),
(236, 'GLENLIVET 12 YEARS 750 ML',  NULL, 100.00, 0.00, 'unit', 1,  1,  'item', 0),
(237, 'FLYING FISH CAN 500mls', NULL, 60.00,  0.00, 'unit', 1,  1,  'item', 0),
(238, 'GLENLIVET F/RESERVE',  NULL, 100.00, 0.00, 'unit', 1,  1,  'item', 0),
(239, 'JAMESON IRISH 750 ML', NULL, 70.00,  0.00, 'unit', 1,  1,  'item', 0),
(240, 'J&B WHISKY 750 ML',  NULL, 40.00,  0.00, 'unit', 1,  1,  'item', 0),
(241, 'NEDERBURG BARRON 750mls',  NULL, 300.00, 0.00, 'unit', 1,  1,  'item', 0),
(242, 'TANQUARAY GIN 750mls', NULL, 50.00,  0.00, 'unit', 1,  1,  'item', 0),
(243, 'CASTLE LITE NRB 340mls', NULL, 45.00,  0.00, 'unit', 1,  1,  'item', 0),
(244, 'MONKEY SHOULDER 750 ML', NULL, 70.00,  0.00, 'unit', 1,  1,  'item', 0),
(245, 'COFFEE CUPS',  NULL, 10.00,  0.00, 'unit', 1,  1,  'item', 0),
(246, 'BRUTAL FRUIT CAN 500mls',  NULL, 60.00,  0.00, 'unit', 1,  1,  'item', 0),
(247, 'VAT 69', NULL, 50.00,  0.00, 'unit', 1,  1,  'item', 0),
(248, 'GLENFIDDICH 18YRS',  NULL, 200.00, 0.00, 'unit', 1,  1,  'item', 0),
(249, 'BOMBAY SAPHIRE 750 ML',  NULL, 40.00,  0.00, 'unit', 1,  1,  'item', 0),
(250, 'COKE RGB 300mls',  NULL, 15.00,  0.00, 'unit', 1,  1,  'item', 0),
(251, 'KLIPDRIFT',  NULL, 40.00,  0.00, 'unit', 1,  1,  'item', 0),
(252, 'CELLAR CASK NATURAL JUICY 750mls', NULL, 380.00, 0.00, 'unit', 1,  1,  'item', 0),
(253, 'BEEFEATER PINK', NULL, 40.00,  0.00, 'unit', 1,  1,  'item', 0),
(254, 'BALLANTINES',  NULL, 80.00,  0.00, 'unit', 1,  1,  'item', 0),
(255, 'CAPTAIN MORGAN GOLD',  NULL, 40.00,  0.00, 'unit', 1,  1,  'item', 0),
(256, 'COKE PET 500mls',  NULL, 25.00,  0.00, 'unit', 1,  1,  'item', 0),
(257, 'BELLS WHISKEY',  NULL, 60.00,  0.00, 'unit', 1,  1,  'item', 0),
(258, 'GLENFIDICH 12YRS', NULL, 80.00,  0.00, 'unit', 1,  1,  'item', 0),
(259, 'BLACK LABEL CAN 500MLS', NULL, 50.00,  0.00, 'unit', 1,  1,  'item', 0),
(260, 'CORONA EXTRA', NULL, 45.00,  0.00, 'unit', 1,  1,  'item', 0),
(261, 'ROBERTSON_NATURAL_DRY_RED_3L', NULL, 70.00,  0.00, 'unit', 1,  1,  'item', 0),
(262, 'CASTLE LITE CAN 500mls', NULL, 50.00,  0.00, 'unit', 1,  1,  'item', 0),
(263, 'GRANTS TRIPPLE WOOD 750 ML', NULL, 50.00,  0.00, 'unit', 1,  1,  'item', 0),
(264, 'SOUTHERN COMFORT 750 ML',  NULL, 60.00,  0.00, 'unit', 1,  1,  'item', 0),
(265, 'GRANTS WHISKY ORDINARY 750 ML',  NULL, 40.00,  0.00, 'unit', 1,  1,  'item', 0),
(266, 'AQUA SAVANA 500ML',  NULL, 10.00,  0.00, 'unit', 1,  1,  'item', 0),
(267, 'BLACK LABEL LAGER RGB 375mls', NULL, 35.00,  0.00, 'unit', 1,  1,  'item', 0),
(268, 'MOSI LAGER RGB 375mls',  NULL, 35.00,  0.00, 'unit', 1,  1,  'item', 0),
(269, 'GORDONS DRY GIN',  NULL, 40.00,  0.00, 'unit', 1,  1,  'item', 0),
(270, 'ABSOLUTE BLUE VODKA',  NULL, 0.00, 0.00, 'unit', 1,  1,  'item', 0),
(271, 'ABSOLUTE VODKA WATERMELON',  NULL, 0.00, 0.00, 'unit', 1,  1,  'item', 0),
(272, 'ACTIVE SPECIAL', NULL, 0.00, 0.00, 'unit', 1,  1,  'item', 0),
(273, 'AMARULA GIN',  NULL, 0.00, 60.00,  'unit', 1,  1,  'item', 0),
(274, 'BELGRAVIA 10', NULL, 0.00, 0.00, 'unit', 1,  1,  'item', 0),
(275, 'BELGRAVIA 8 750 ML', NULL, 0.00, 0.00, 'unit', 1,  1,  'item', 0),
(276, 'BELGRAVIA BLACK BERRY',  NULL, 0.00, 0.00, 'unit', 1,  1,  'item', 0),
(277, 'BELGRAVIA DRY',  NULL, 0.00, 0.00, 'unit', 1,  1,  'item', 0),
(278, 'BELGRAVIA STRAWBERRY', NULL, 0.00, 0.00, 'unit', 1,  1,  'item', 0),
(279, 'BELVEDERE',  NULL, 0.00, 0.00, 'unit', 1,  1,  'item', 0),
(280, 'BLANCO 1800 SILVER', NULL, 0.00, 0.00, 'unit', 1,  1,  'item', 0),
(281, 'BOTEGA PINK 750 ML', NULL, 0.00, 0.00, 'unit', 1,  1,  'item', 0),
(282, 'CINZANO WHITE (BIANCO)', NULL, 0.00, 0.00, 'unit', 1,  1,  'item', 0),
(283, 'COCO', NULL, 0.00, 0.00, 'unit', 1,  1,  'item', 0),
(284, 'CRONIER 3LIT', NULL, 0.00, 0.00, 'unit', 1,  1,  'item', 0),
(285, 'DROSTOF RED WINE 5 LITERS',  NULL, 0.00, 0.00, 'unit', 1,  1,  'item', 0),
(286, 'FOUR COUSINS RED 5LITERS', NULL, 0.00, 0.00, 'unit', 1,  1,  'item', 0),
(287, 'GENOLOGIST BOTTLE',  NULL, 0.00, 0.00, 'unit', 1,  1,  'item', 0),
(288, 'GLENLIVET 18 YEARS 750 ML',  NULL, 0.00, 0.00, 'unit', 1,  1,  'item', 0),
(289, 'GRILL DE 20th',  NULL, 0.00, 0.00, 'unit', 1,  1,  'item', 0),
(290, 'HIGHBURY WHISKY',  NULL, 0.00, 0.00, 'unit', 1,  1,  'item', 0),
(291, 'J&B WHISKY', NULL, 0.00, 0.00, 'unit', 1,  1,  'item', 0),
(292, 'JACK DANIELS GENTLEMAN JACK',  NULL, 0.00, 0.00, 'unit', 1,  1,  'item', 0),
(293, 'JAGERMASTER 750mls', NULL, 0.00, 0.00, 'unit', 1,  1,  'item', 0),
(294, 'JAGERMESTER MANIFESTO',  NULL, 0.00, 0.00, 'unit', 1,  1,  'item', 0),
(295, 'JOHNNIE WALKER D/BLACK 750ML', NULL, 0.00, 0.00, 'unit', 1,  1,  'item', 0),
(296, 'MALIBU', NULL, 0.00, 0.00, 'unit', 1,  1,  'item', 0),
(297, 'MARBORO BLUE', NULL, 0.00, 0.00, 'unit', 1,  1,  'item', 0),
(298, 'MARBORO GOLD', NULL, 0.00, 0.00, 'unit', 1,  1,  'item', 0),
(299, 'MARBORO RED',  NULL, 0.00, 0.00, 'unit', 1,  1,  'item', 0),
(300, 'OLD BROWN',  NULL, 0.00, 0.00, 'unit', 1,  1,  'item', 0),
(301, 'OVERMEER CASK RED 5 LITERS', NULL, 0.00, 0.00, 'unit', 1,  1,  'item', 0),
(302, 'OVERMEER WHITE', NULL, 0.00, 0.00, 'unit', 1,  1,  'item', 0),
(303, 'RED SQUARE', NULL, 0.00, 0.00, 'unit', 1,  1,  'item', 0),
(304, 'REMY MARTIN X.O',  NULL, 0.00, 0.00, 'unit', 1,  1,  'item', 0),
(305, 'REPOSADO 1800 GOLD', NULL, 0.00, 0.00, 'unit', 1,  1,  'item', 0),
(306, 'ROBERTO VODKA',  NULL, 0.00, 0.00, 'unit', 1,  1,  'item', 0),
(307, 'SALMON ROSETS',  NULL, 0.00, 0.00, 'unit', 1,  1,  'item', 0),
(308, 'SMIRNOF 1818 VODKA', NULL, 0.00, 0.00, 'unit', 1,  1,  'item', 0),
(309, 'STRETTON DRY LONDON 750 ML', NULL, 0.00, 0.00, 'unit', 1,  1,  'item', 0),
(310, 'STRETTON PINK GIN 750 ML', NULL, 0.00, 0.00, 'unit', 1,  1,  'item', 0),
(311, 'TEQUILA CHOCOLATE',  NULL, 0.00, 0.00, 'unit', 1,  1,  'item', 0),
(312, 'THREE SPECIAL',  NULL, 0.00, 0.00, 'unit', 1,  1,  'item', 0),
(313, 'WILD AFRICA 750 ML', NULL, 0.00, 0.00, 'unit', 1,  1,  'item', 0),
(314, 'WILD AFRICA CHOCOLATE',  NULL, 0.00, 0.00, 'unit', 1,  1,  'item', 0),
(315, 'CINZANO',  NULL, 0.00, 0.00, 'unit', 1,  1,  'item', 0),
(316, 'BUTTLERS EXPRESSO',  NULL, 10.00,  0.00, 'unit', 1,  1,  'item', 0),
(317, 'BUTTLERS STRAWBERRY',  NULL, 10.00,  0.00, 'unit', 1,  1,  'item', 0),
(318, 'COKE BOTTLE [STAFF P]',  NULL, 10.00,  0.00, 'unit', 1,  1,  'item', 0),
(319, 'LIME', NULL, 10.00,  0.00, 'unit', 1,  1,  'item', 0),
(320, 'CRISPS', NULL, 15.00,  0.00, 'unit', 4,  1,  'item', 0),
(321, 'PASSION FRUIT 750ML',  NULL, 20.00,  0.00, 'unit', 1,  1,  'item', 0),
(322, 'SMALL TEA',  NULL, 20.00,  0.00, 'unit', 1,  1,  'item', 0),
(323, 'CREME SODA', NULL, 25.00,  0.00, 'unit', 1,  1,  'item', 0),
(324, 'GINGER BEER',  NULL, 25.00,  0.00, 'unit', 1,  1,  'item', 0),
(325, 'SCHWEPPES LEMONADE', NULL, 25.00,  0.00, 'unit', 1,  1,  'item', 0),
(326, 'SPRITE CAN', NULL, 25.00,  0.00, 'unit', 1,  1,  'item', 0),
(327, 'TONIC WATER SCHWEPPES',  NULL, 25.00,  0.00, 'unit', 1,  1,  'item', 0),
(328, 'FANTA_PINE_PET 500mls',  NULL, 25.00,  0.00, 'unit', 1,  1,  'item', 0),
(329, 'FANTA GRAPE PET 500mls', NULL, 25.00,  0.00, 'unit', 1,  1,  'item', 0),
(330, 'MONJO SODA WATER', NULL, 26.00,  0.00, 'unit', 1,  1,  'item', 0),
(331, 'KALUA',  NULL, 30.00,  0.00, 'unit', 1,  1,  'item', 0),
(332, 'SPECIAL BB', NULL, 30.00,  0.00, 'unit', 1,  1,  'item', 0),
(333, 'SPECIAL HD', NULL, 30.00,  0.00, 'unit', 1,  1,  'item', 0),
(334, 'SPECIAL HG', NULL, 30.00,  0.00, 'unit', 1,  1,  'item', 0),
(335, 'SPECIAL SAV',  NULL, 30.00,  0.00, 'unit', 1,  1,  'item', 0),
(336, 'BLACK LABEL DAMPY',  NULL, 35.00,  0.00, 'unit', 1,  1,  'item', 0),
(337, 'CELER CASK WINE RED 5 LITERS', NULL, 35.00,  0.00, 'unit', 1,  1,  'item', 0),
(338, 'MOSI LITE',  NULL, 35.00,  0.00, 'unit', 1,  1,  'item', 0),
(339, 'TEA',  NULL, 35.00,  0.00, 'unit', 1,  1,  'item', 0),
(340, 'AMSTEL LITE',  NULL, 40.00,  0.00, 'unit', 1,  1,  'item', 0),
(341, 'ESPRESSO', NULL, 40.00,  0.00, 'unit', 1,  1,  'item', 0),
(342, 'INVEROCHE',  NULL, 40.00,  0.00, 'unit', 1,  1,  'item', 0),
(343, 'AMSTEL', NULL, 45.00,  0.00, 'unit', 1,  1,  'item', 0),
(344, 'BENIN BOTTLE', NULL, 45.00,  0.00, 'unit', 1,  1,  'item', 0),
(345, 'BREEZERS', NULL, 45.00,  0.00, 'unit', 1,  1,  'item', 0),
(346, 'CARRIER BAG',  NULL, 45.00,  0.00, 'unit', 1,  1,  'item', 0),
(347, 'GINOLOGIST DAMPY', NULL, 45.00,  0.00, 'unit', 1,  1,  'item', 0),
(348, 'HENIEKEN SILVER',  NULL, 45.00,  0.00, 'unit', 1,  1,  'item', 0),
(349, 'SPECIAL BC', NULL, 45.00,  0.00, 'unit', 1,  1,  'item', 0),
(350, 'SPECIAL FFC',  NULL, 45.00,  0.00, 'unit', 1,  1,  'item', 0),
(351, 'ABSOLUTE LIME',  NULL, 50.00,  0.00, 'unit', 1,  1,  'item', 0),
(352, 'ABSOLUTE GRAPE FRUIT', NULL, 50.00,  0.00, 'unit', 1,  1,  'item', 0),
(353, 'FOUR COUSINS WHITE 5 LITERS',  NULL, 50.00,  0.00, 'unit', 1,  1,  'item', 0),
(354, 'FRUIT TREE 5 LITERS',  NULL, 50.00,  0.00, 'unit', 1,  1,  'item', 0),
(355, 'HEINEKEN CAN 500mls',  NULL, 50.00,  0.00, 'unit', 1,  1,  'item', 0),
(356, 'HENIEKEN CAN', NULL, 50.00,  0.00, 'unit', 1,  1,  'item', 0),
(357, 'MALAWI SHANDY',  NULL, 50.00,  0.00, 'unit', 1,  1,  'item', 0),
(358, 'MINTS FRIZ0',  NULL, 50.00,  0.00, 'unit', 1,  1,  'item', 0),
(359, 'PINA COLADA MOCKTAIL', NULL, 50.00,  0.00, 'unit', 1,  1,  'item', 0),
(360, 'PURE JOY FRUIT JUICE 1LITER',  NULL, 50.00,  0.00, 'unit', 1,  1,  'item', 0),
(361, 'SMAL. BLOW JOB', NULL, 50.00,  0.00, 'unit', 1,  1,  'item', 0),
(362, 'VIRGIN MOJITO',  NULL, 50.00,  0.00, 'unit', 1,  1,  'item', 0),
(363, 'APPLETTIZER',  NULL, 60.00,  0.00, 'unit', 1,  1,  'item', 0),
(364, 'BEELS',  NULL, 60.00,  0.00, 'unit', 1,  1,  'item', 0),
(365, 'BENIN CANNED', NULL, 60.00,  0.00, 'unit', 1,  1,  'item', 0),
(366, 'CASTLE LAGER CAN', NULL, 60.00,  0.00, 'unit', 1,  1,  'item', 0),
(367, 'GINOLOGIST CANE',  NULL, 60.00,  0.00, 'unit', 1,  1,  'item', 0),
(368, 'HEINEKEN SILVER CAN 500mls', NULL, 60.00,  0.00, 'unit', 1,  1,  'item', 0),
(369, 'HUNTERS DRY CAN',  NULL, 60.00,  0.00, 'unit', 1,  1,  'item', 0),
(370, 'JUICE PACK 500MLS',  NULL, 60.00,  0.00, 'unit', 1,  1,  'item', 0),
(371, 'MILK SHAKE', NULL, 60.00,  0.00, 'unit', 1,  1,  'item', 0),
(372, 'PRAVDA', NULL, 60.00,  0.00, 'unit', 1,  1,  'item', 0),
(373, 'PREDATOR', NULL, 60.00,  0.00, 'unit', 1,  1,  'item', 0),
(374, 'PURE JOY FRUIT JUICE 500ML', NULL, 60.00,  0.00, 'unit', 1,  1,  'item', 0),
(375, 'DUCK GRILL SHANDY',  NULL, 65.00,  0.00, 'unit', 1,  1,  'item', 0),
(376, 'GINGER TEA', NULL, 65.00,  0.00, 'unit', 1,  1,  'item', 0),
(377, 'APPLE CRUMBE', NULL, 80.00,  0.00, 'unit', 4,  1,  'item', 0),
(378, 'CHERIDAN', NULL, 80.00,  0.00, 'unit', 1,  1,  'item', 0),
(379, 'HOT CHOCOLATE',  NULL, 80.00,  0.00, 'unit', 1,  1,  'item', 0),
(380, 'MOCACCINO',  NULL, 80.00,  0.00, 'unit', 1,  1,  'item', 0),
(381, 'PLAIN ICE CREAM',  NULL, 80.00,  0.00, 'unit', 1,  1,  'item', 0),
(382, 'BLOW JOB', NULL, 100.00, 0.00, 'unit', 1,  1,  'item', 0),
(383, 'FOUR SPECIAL', NULL, 100.00, 0.00, 'unit', 1,  1,  'item', 0),
(384, 'JAGER BOMB', NULL, 100.00, 0.00, 'unit', 1,  1,  'item', 0),
(385, 'MAGARITA COCKTAIL',  NULL, 100.00, 0.00, 'unit', 1,  1,  'item', 0),
(386, 'MATIN EXPRESSO', NULL, 100.00, 0.00, 'unit', 1,  1,  'item', 0),
(387, 'SPECIAL IS', NULL, 100.00, 0.00, 'unit', 1,  1,  'item', 0),
(388, 'SPRING BOK', NULL, 100.00, 0.00, 'unit', 1,  1,  'item', 0),
(389, 'WHITE RUSSIANS', NULL, 100.00, 0.00, 'unit', 1,  1,  'item', 0),
(390, 'CABANOSIS BIG',  NULL, 120.00, 0.00, 'unit', 4,  1,  'item', 0),
(391, 'CAMEL',  NULL, 140.00, 0.00, 'unit', 1,  1,  'item', 0),
(392, 'B AND H',  NULL, 150.00, 0.00, 'unit', 1,  1,  'item', 0),
(393, 'BLUE', NULL, 150.00, 0.00, 'unit', 1,  1,  'item', 0),
(394, 'CAPPACCIO',  NULL, 150.00, 0.00, 'unit', 1,  1,  'item', 0),
(395, 'COSMOPOLITAN', NULL, 150.00, 0.00, 'unit', 1,  1,  'item', 0),
(396, 'LONG ISLAND TEA',  NULL, 150.00, 0.00, 'unit', 1,  1,  'item', 0),
(397, 'SEX ON THE BEACH', NULL, 150.00, 0.00, 'unit', 1,  1,  'item', 0),
(398, 'WRINGSON SPECIAL', NULL, 150.00, 0.00, 'unit', 1,  1,  'item', 0),
(399, 'DUCK GRILL COCKTAIL',  NULL, 170.00, 0.00, 'unit', 1,  1,  'item', 0),
(400, 'DUNHILL',  NULL, 170.00, 0.00, 'unit', 1,  1,  'item', 0),
(401, 'WINSTON TOBACCO',  NULL, 170.00, 0.00, 'unit', 1,  1,  'item', 0),
(402, '4 COUSINS N S ROSE', NULL, 200.00, 0.00, 'unit', 1,  1,  'item', 0),
(403, 'COCTAIL JAR',  NULL, 200.00, 0.00, 'unit', 1,  1,  'item', 0),
(404, 'ICE TROPEZ', NULL, 200.00, 0.00, 'unit', 1,  1,  'item', 0),
(405, 'ROYALTY SPARKLING',  NULL, 200.00, 0.00, 'unit', 1,  1,  'item', 0),
(406, 'SPARKLING WINE', NULL, 200.00, 0.00, 'unit', 1,  1,  'item', 0),
(407, 'ST ANNA WHITE WINE 750 ML',  NULL, 200.00, 0.00, 'unit', 1,  1,  'item', 0),
(408, 'NEDERBURG DUET', NULL, 210.00, 0.00, 'unit', 1,  1,  'item', 0),
(409, 'ROBERTSON C SAU',  NULL, 240.00, 0.00, 'unit', 1,  1,  'item', 0),
(410, 'ROBERTSON MERLOT', NULL, 240.00, 0.00, 'unit', 1,  1,  'item', 0),
(411, 'ROBERTSON SHIRAZ', NULL, 240.00, 0.00, 'unit', 1,  1,  'item', 0),
(412, 'DUCK GRILL PITCHER', NULL, 250.00, 0.00, 'unit', 1,  1,  'item', 0),
(413, 'VINO ROSSO MELOT', NULL, 250.00, 0.00, 'unit', 1,  1,  'item', 0),
(414, 'EASY PLATTER', NULL, 280.00, 200.00, 'unit', 2,  1,  'item', 0),
(415, '4 COUSINS',  NULL, 300.00, 0.00, 'unit', 1,  1,  'item', 0),
(416, 'CHAMDOR RED',  NULL, 300.00, 0.00, 'unit', 1,  1,  'item', 0),
(417, 'CHAMDOR WHITE',  NULL, 300.00, 0.00, 'unit', 1,  1,  'item', 0),
(418, 'KWV MERLOT', NULL, 300.00, 0.00, 'unit', 1,  1,  'item', 0),
(419, 'KWV SHIRAZ', NULL, 300.00, 0.00, 'unit', 1,  1,  'item', 0),
(420, 'PAERLY BAY ROSE',  NULL, 300.00, 0.00, 'unit', 1,  1,  'item', 0),
(421, 'ROBERTSON RED 750 ML', NULL, 300.00, 0.00, 'unit', 1,  1,  'item', 0),
(422, 'ROBERTSON ROSE', NULL, 310.00, 0.00, 'unit', 1,  1,  'item', 0),
(423, 'KWV CARDONNEY 750 ML', NULL, 320.00, 0.00, 'unit', 1,  1,  'item', 0),
(424, 'NEDERBURG CHARDONAY 750ML',  NULL, 320.00, 0.00, 'unit', 1,  1,  'item', 0),
(425, 'PROTEA CARB SAUV 750 ML',  NULL, 320.00, 0.00, 'unit', 1,  1,  'item', 0),
(426, 'BONNE ESPIRANCE RED',  NULL, 350.00, 0.00, 'unit', 1,  1,  'item', 0),
(427, 'CHEATEAU LIBERTAS 750 ML', NULL, 350.00, 0.00, 'unit', 1,  1,  'item', 0),
(428, 'FAT BASTARD SAU BLANC',  NULL, 350.00, 0.00, 'unit', 1,  1,  'item', 0),
(429, 'JC LE ROUX 750 ML DOMENI', NULL, 350.00, 0.00, 'unit', 1,  1,  'item', 0),
(430, 'ROBERTSON SWEET WHITE',  NULL, 350.00, 0.00, 'unit', 1,  1,  'item', 0),
(431, 'SAINT CELINE', NULL, 350.00, 0.00, 'unit', 1,  1,  'item', 0),
(432, 'FAT BASTARD 750 ML', NULL, 380.00, 0.00, 'unit', 1,  1,  'item', 0),
(433, 'SAINT ANNA', NULL, 380.00, 0.00, 'unit', 1,  1,  'item', 0),
(434, 'SAINT CLAIRE', NULL, 380.00, 0.00, 'unit', 1,  1,  'item', 0),
(435, 'SAINT RAPHAEL',  NULL, 380.00, 0.00, 'unit', 1,  1,  'item', 0),
(436, '4TH STREET SWEET WINE',  NULL, 400.00, 0.00, 'unit', 1,  1,  'item', 0),
(437, 'FAT BASTARD C BS', NULL, 400.00, 0.00, 'unit', 1,  1,  'item', 0),
(438, 'FAT BASTARD MERLOT', NULL, 400.00, 0.00, 'unit', 1,  1,  'item', 0),
(439, 'FAT BASTARD PINOTAGE', NULL, 400.00, 0.00, 'unit', 1,  1,  'item', 0),
(440, 'FAT BASTARD SHIRAZ', NULL, 400.00, 0.00, 'unit', 1,  1,  'item', 0),
(441, 'FOUR COUSINS ROSEV', NULL, 400.00, 0.00, 'unit', 1,  1,  'item', 0),
(442, 'MERLOT', NULL, 400.00, 0.00, 'unit', 1,  1,  'item', 0),
(443, 'NEDERBURG MELOT 750 ML', NULL, 400.00, 0.00, 'unit', 1,  1,  'item', 0),
(444, 'SERAH CREEK',  NULL, 400.00, 0.00, 'unit', 1,  1,  'item', 0),
(445, 'BABIES ROSE',  NULL, 450.00, 0.00, 'unit', 1,  1,  'item', 0),
(446, 'ROBERTSON SWEET RED',  NULL, 460.00, 0.00, 'unit', 1,  1,  'item', 0),
(447, 'ALITA ROSE 750 ML',  NULL, 470.00, 0.00, 'unit', 1,  1,  'item', 0),
(448, 'BLANC DE BLANC', NULL, 470.00, 0.00, 'unit', 1,  1,  'item', 0),
(449, 'ALVIS DRIFT',  NULL, 480.00, 0.00, 'unit', 1,  1,  'item', 0),
(450, 'JC LE ROUX 750 ML NECTER', NULL, 500.00, 0.00, 'unit', 1,  1,  'item', 0),
(451, 'NEDERBURG CAB SAV 750 ML', NULL, 500.00, 0.00, 'unit', 1,  1,  'item', 0),
(452, 'KRONE',  NULL, 600.00, 0.00, 'unit', 1,  1,  'item', 0),
(453, 'RUPERT ROTHSCHILD',  NULL, 650.00, 0.00, 'unit', 1,  1,  'item', 0),
(454, 'CLEN CARLOU MEROT',  NULL, 700.00, 0.00, 'unit', 1,  1,  'item', 0),
(455, 'BABEL RED',  NULL, 800.00, 0.00, 'unit', 1,  1,  'item', 0),
(456, 'CATHEDRAL CELLAR', NULL, 900.00, 0.00, 'unit', 1,  1,  'item', 0),
(457, 'MEERLUST RED 750 ML',  NULL, 900.00, 0.00, 'unit', 1,  1,  'item', 0),
(458, 'Chicken Wrap', NULL, 160.00, 0.00, 'unit', 2,  1,  'item', 0);

DROP TABLE IF EXISTS `refund_requests`;
CREATE TABLE `refund_requests` (
  `id` int NOT NULL AUTO_INCREMENT,
  `sale_id` int NOT NULL,
  `requested_by_user_id` int NOT NULL,
  `reason` text,
  `refund_amount` decimal(10,2) NOT NULL,
  `status` enum('pending','approved','rejected') DEFAULT 'pending',
  `created_at` timestamp NULL DEFAULT CURRENT_TIMESTAMP,
  PRIMARY KEY (`id`),
  KEY `sale_id` (`sale_id`),
  KEY `requested_by_user_id` (`requested_by_user_id`),
  CONSTRAINT `refund_requests_ibfk_1` FOREIGN KEY (`sale_id`) REFERENCES `sales` (`id`),
  CONSTRAINT `refund_requests_ibfk_2` FOREIGN KEY (`requested_by_user_id`) REFERENCES `users` (`id`)
) ENGINE=InnoDB DEFAULT CHARSET=utf8mb4 COLLATE=utf8mb4_0900_ai_ci;

TRUNCATE `refund_requests`;

DROP TABLE IF EXISTS `refunds`;
CREATE TABLE `refunds` (
  `id` int NOT NULL AUTO_INCREMENT,
  `sale_id` int NOT NULL,
  `manager_id` int NOT NULL,
  `amount_refunded` decimal(10,2) NOT NULL,
  `reason` text,
  `created_at` timestamp NULL DEFAULT CURRENT_TIMESTAMP,
  PRIMARY KEY (`id`),
  KEY `sale_id` (`sale_id`),
  KEY `manager_id` (`manager_id`),
  CONSTRAINT `refunds_ibfk_1` FOREIGN KEY (`sale_id`) REFERENCES `sales` (`id`),
  CONSTRAINT `refunds_ibfk_2` FOREIGN KEY (`manager_id`) REFERENCES `users` (`id`)
) ENGINE=InnoDB DEFAULT CHARSET=utf8mb4 COLLATE=utf8mb4_0900_ai_ci;

TRUNCATE `refunds`;
INSERT INTO `refunds` (`id`, `sale_id`, `manager_id`, `amount_refunded`, `reason`, `created_at`) VALUES
(1, 69, 1,  15.00,  'Partial Refund', '2026-02-17 21:23:49'),
(2, 38, 1,  15.00,  'Partial Refund', '2026-02-17 21:24:24'),
(3, 52, 1,  60.00,  'Partial Refund', '2026-02-17 21:26:17'),
(4, 66, 1,  15.00,  'Partial Refund', '2026-02-17 21:27:08'),
(5, 51, 1,  60.00,  'Partial Refund', '2026-02-17 21:37:58'),
(6, 75, 1,  60.00,  'Partial Refund', '2026-02-17 22:16:53'),
(7, 54, 1,  15.00,  'Partial Refund', '2026-02-17 22:18:03'),
(8, 75, 1,  60.00,  'Partial Refund', '2026-02-17 22:18:33'),
(9, 119,  2,  0.00, 'Partial Refund', '2026-02-25 09:01:20'),
(10,  119,  2,  0.00, 'Partial Refund', '2026-02-25 09:02:10'),
(11,  118,  2,  0.00, 'Partial Refund', '2026-02-25 09:03:03');

DROP TABLE IF EXISTS `restaurant_tables`;
CREATE TABLE `restaurant_tables` (
  `id` int NOT NULL AUTO_INCREMENT,
  `location_id` int NOT NULL DEFAULT '0',
  `zone_name` varchar(50) NOT NULL DEFAULT 'Main Dining',
  `table_name` varchar(50) NOT NULL,
  `capacity` int NOT NULL DEFAULT '4',
  PRIMARY KEY (`id`)
) ENGINE=InnoDB DEFAULT CHARSET=utf8mb4 COLLATE=utf8mb4_0900_ai_ci;

TRUNCATE `restaurant_tables`;
INSERT INTO `restaurant_tables` (`id`, `location_id`, `zone_name`, `table_name`, `capacity`) VALUES
(1, 1,  'Main Dining',  'Table 1',  4),
(2, 1,  'Main Dining',  'Table 2',  4),
(3, 1,  'Main Dining',  'Table 3',  6),
(4, 1,  'Main Dining',  'Table 4',  2),
(5, 1,  'Patio / Outside',  'Patio 1',  4),
(6, 1,  'Patio / Outside',  'Patio 2',  4),
(7, 1,  'VIP Bar',  'Bar Stool A',  1),
(8, 1,  'VIP Bar',  'Bar Stool B',  1);

DROP TABLE IF EXISTS `sale_items`;
CREATE TABLE `sale_items` (
  `id` int NOT NULL AUTO_INCREMENT,
  `sale_id` int NOT NULL,
  `product_id` int NOT NULL,
  `quantity` int NOT NULL,
  `price` decimal(10,2) NOT NULL DEFAULT '0.00',
  `price_at_sale` decimal(10,2) NOT NULL DEFAULT '0.00',
  `cost_at_sale` decimal(10,2) DEFAULT '0.00',
  `status` varchar(20) NOT NULL DEFAULT 'ready',
  `updated_at` timestamp NULL DEFAULT NULL,
  `fulfillment_status` varchar(20) NOT NULL DEFAULT 'collected',
  PRIMARY KEY (`id`),
  KEY `sale_id` (`sale_id`),
  KEY `product_id` (`product_id`),
  CONSTRAINT `sale_items_ibfk_1` FOREIGN KEY (`sale_id`) REFERENCES `sales` (`id`) ON DELETE CASCADE,
  CONSTRAINT `sale_items_ibfk_2` FOREIGN KEY (`product_id`) REFERENCES `products` (`id`)
) ENGINE=InnoDB DEFAULT CHARSET=utf8mb4 COLLATE=utf8mb4_0900_ai_ci;

TRUNCATE `sale_items`;
INSERT INTO `sale_items` (`id`, `sale_id`, `product_id`, `quantity`, `price`, `price_at_sale`, `cost_at_sale`, `status`, `updated_at`, `fulfillment_status`) VALUES
(2, 1,  15, 1,  0.00, 70.00,  0.00, 'ready',  NULL, 'collected'),
(3, 2,  15, 1,  0.00, 70.00,  0.00, 'ready',  NULL, 'collected'),
(4, 3,  15, 2,  0.00, 70.00,  0.00, 'ready',  NULL, 'collected'),
(5, 4,  15, 1,  0.00, 70.00,  0.00, 'ready',  NULL, 'collected'),
(6, 5,  15, 1,  0.00, 70.00,  0.00, 'ready',  NULL, 'collected'),
(7, 6,  16, 1,  0.00, 60.00,  0.00, 'ready',  NULL, 'collected'),
(8, 7,  16, 1,  0.00, 60.00,  0.00, 'served', NULL, 'collected'),
(9, 7,  16, 1,  0.00, 60.00,  0.00, 'served', NULL, 'collected'),
(11,  8,  15, 1,  0.00, 70.00,  0.00, 'ready',  NULL, 'collected'),
(13,  10, 15, 1,  0.00, 70.00,  0.00, 'ready',  NULL, 'collected'),
(14,  9,  15, 1,  0.00, 70.00,  0.00, 'ready',  NULL, 'collected'),
(15,  13, 15, 1,  0.00, 70.00,  0.00, 'ready',  NULL, 'collected'),
(16,  14, 15, 1,  0.00, 70.00,  0.00, 'ready',  NULL, 'collected'),
(17,  14, 15, 2,  0.00, 70.00,  0.00, 'ready',  NULL, 'collected'),
(18,  15, 15, 1,  0.00, 70.00,  0.00, 'served', NULL, 'collected'),
(19,  17, 15, 1,  0.00, 70.00,  0.00, 'served', NULL, 'collected'),
(20,  19, 15, 1,  0.00, 70.00,  0.00, 'served', NULL, 'collected'),
(21,  21, 15, 1,  0.00, 70.00,  0.00, 'served', NULL, 'collected'),
(22,  23, 15, 1,  0.00, 70.00,  0.00, 'served', NULL, 'collected'),
(23,  24, 15, 1,  0.00, 70.00,  0.00, 'served', NULL, 'collected'),
(24,  26, 15, 1,  0.00, 70.00,  0.00, 'served', NULL, 'collected'),
(25,  27, 15, 1,  0.00, 70.00,  0.00, 'ready',  NULL, 'collected'),
(26,  27, 17, 1,  0.00, 0.00, 0.00, 'ready',  NULL, 'collected'),
(27,  28, 15, 1,  0.00, 70.00,  0.00, 'ready',  NULL, 'collected'),
(28,  29, 15, 1,  0.00, 70.00,  0.00, 'served', NULL, 'collected'),
(29,  30, 15, 1,  0.00, 70.00,  0.00, 'ready',  NULL, 'collected'),
(30,  31, 15, 1,  0.00, 70.00,  0.00, 'ready',  NULL, 'collected'),
(31,  34, 16, 1,  0.00, 60.00,  0.00, 'served', NULL, 'collected'),
(32,  37, 16, 1,  0.00, 60.00,  0.00, 'served', NULL, 'collected'),
(33,  36, 16, 1,  0.00, 60.00,  0.00, 'served', NULL, 'collected'),
(34,  37, 16, 1,  0.00, 60.00,  0.00, 'served', NULL, 'collected'),
(35,  38, 18, 1,  0.00, 15.00,  0.00, 'refunded', NULL, 'collected'),
(36,  38, 16, 1,  0.00, 60.00,  0.00, 'served', NULL, 'collected'),
(37,  39, 18, 1,  0.00, 15.00,  0.00, 'served', NULL, 'collected'),
(38,  39, 16, 1,  0.00, 60.00,  0.00, 'served', NULL, 'collected'),
(39,  43, 16, 1,  0.00, 60.00,  0.00, 'served', NULL, 'collected'),
(40,  42, 18, 1,  0.00, 15.00,  0.00, 'served', NULL, 'collected'),
(41,  45, 18, 1,  0.00, 15.00,  0.00, 'served', NULL, 'collected'),
(42,  45, 16, 1,  0.00, 60.00,  0.00, 'served', NULL, 'collected'),
(43,  47, 18, 1,  0.00, 15.00,  0.00, 'served', NULL, 'collected'),
(44,  49, 18, 1,  0.00, 15.00,  0.00, 'served', NULL, 'collected'),
(45,  51, 16, 1,  0.00, 60.00,  0.00, 'refunded', NULL, 'collected'),
(46,  52, 16, 1,  0.00, 60.00,  0.00, 'refunded', NULL, 'collected'),
(47,  52, 18, 1,  0.00, 15.00,  0.00, 'served', NULL, 'collected'),
(48,  57, 16, 1,  0.00, 60.00,  0.00, 'served', NULL, 'collected'),
(49,  57, 18, 1,  0.00, 15.00,  0.00, 'served', NULL, 'collected'),
(50,  54, 18, 1,  0.00, 15.00,  0.00, 'refunded', NULL, 'collected'),
(51,  56, 18, 1,  0.00, 15.00,  0.00, 'served', NULL, 'collected'),
(52,  59, 18, 1,  0.00, 15.00,  0.00, 'served', NULL, 'collected'),
(53,  60, 18, 1,  0.00, 15.00,  0.00, 'served', NULL, 'collected'),
(54,  61, 17, 1,  0.00, 0.00, 0.00, 'ready',  NULL, 'collected'),
(55,  61, 18, 1,  0.00, 15.00,  0.00, 'ready',  NULL, 'collected'),
(56,  64, 18, 1,  0.00, 15.00,  0.00, 'served', NULL, 'collected'),
(60,  66, 16, 1,  0.00, 60.00,  0.00, 'served', NULL, 'collected'),
(61,  66, 18, 1,  0.00, 15.00,  0.00, 'served', NULL, 'collected'),
(62,  66, 18, 1,  0.00, 15.00,  0.00, 'refunded', NULL, 'collected'),
(64,  67, 18, 1,  0.00, 15.00,  0.00, 'ready',  NULL, 'collected'),
(67,  69, 18, 1,  0.00, 15.00,  0.00, 'refunded', NULL, 'collected'),
(68,  69, 18, 1,  0.00, 15.00,  0.00, 'served', NULL, 'collected'),
(69,  70, 18, 1,  0.00, 15.00,  0.00, 'served', NULL, 'collected'),
(80,  75, 18, 1,  0.00, 15.00,  0.00, 'ready',  NULL, 'collected'),
(81,  75, 16, 1,  0.00, 60.00,  0.00, 'ready',  NULL, 'collected'),
(82,  75, 16, 1,  0.00, 60.00,  0.00, 'refunded', NULL, 'collected'),
(83,  75, 16, 1,  0.00, 60.00,  0.00, 'refunded', NULL, 'collected'),
(85,  77, 16, 1,  0.00, 60.00,  0.00, 'ready',  NULL, 'collected'),
(89,  79, 16, 1,  0.00, 60.00,  0.00, 'served', NULL, 'collected'),
(90,  79, 18, 1,  0.00, 15.00,  0.00, 'served', NULL, 'collected'),
(92,  81, 16, 1,  0.00, 60.00,  0.00, 'ready',  NULL, 'collected'),
(93,  82, 16, 1,  0.00, 60.00,  0.00, 'ready',  NULL, 'collected'),
(94,  82, 18, 1,  0.00, 15.00,  0.00, 'ready',  NULL, 'collected'),
(95,  82, 16, 1,  0.00, 60.00,  0.00, 'ready',  NULL, 'collected'),
(97,  84, 17, 1,  0.00, 0.00, 0.00, 'served', NULL, 'collected'),
(99,  86, 16, 1,  0.00, 60.00,  0.00, 'ready',  NULL, 'collected'),
(102, 88, 16, 1,  0.00, 60.00,  0.00, 'ready',  NULL, 'collected'),
(103, 88, 16, 1,  0.00, 60.00,  0.00, 'ready',  NULL, 'collected'),
(105, 90, 18, 1,  0.00, 15.00,  0.00, 'served', NULL, 'collected'),
(107, 92, 16, 1,  0.00, 60.00,  0.00, 'ready',  NULL, 'collected'),
(108, 93, 16, 1,  0.00, 60.00,  0.00, 'ready',  NULL, 'collected'),
(109, 94, 16, 1,  0.00, 60.00,  0.00, 'ready',  NULL, 'collected'),
(110, 95, 16, 1,  0.00, 60.00,  0.00, 'served', NULL, 'collected'),
(112, 97, 16, 1,  0.00, 60.00,  0.00, 'served', NULL, 'collected'),
(113, 98, 18, 1,  0.00, 15.00,  0.00, 'ready',  NULL, 'collected'),
(114, 99, 27, 1,  0.00, 35.00,  0.00, 'served', NULL, 'collected'),
(115, 100,  16, 1,  0.00, 60.00,  0.00, 'served', NULL, 'collected'),
(116, 101,  16, 1,  0.00, 60.00,  0.00, 'served', NULL, 'collected'),
(117, 101,  16, 1,  0.00, 60.00,  0.00, 'served', NULL, 'collected'),
(118, 117,  385,  1,  100.00, 0.00, 0.00, 'ready',  NULL, 'collected'),
(119, 117,  27, 2,  35.00,  0.00, 0.00, 'served', NULL, 'collected'),
(120, 118,  385,  1,  100.00, 0.00, 0.00, 'refunded', NULL, 'collected'),
(121, 119,  234,  1,  100.00, 0.00, 0.00, 'refunded', NULL, 'collected'),
(122, 119,  273,  1,  0.00, 0.00, 0.00, 'ready',  NULL, 'collected'),
(123, 119,  385,  1,  100.00, 0.00, 0.00, 'ready',  NULL, 'collected'),
(124, 119,  385,  2,  0.00, 0.00, 0.00, 'refunded', NULL, 'collected'),
(125, 120,  234,  2,  100.00, 0.00, 0.00, 'ready',  NULL, 'collected'),
(126, 121,  385,  1,  100.00, 0.00, 0.00, 'ready',  NULL, 'collected'),
(127, 122,  273,  1,  0.00, 0.00, 0.00, 'ready',  NULL, 'collected'),
(128, 123,  18, 2,  15.00,  0.00, 0.00, 'ready',  NULL, 'collected'),
(129, 123,  16, 1,  60.00,  0.00, 0.00, 'ready',  NULL, 'collected'),
(130, 124,  18, 1,  15.00,  0.00, 0.00, 'ready',  NULL, 'collected'),
(131, 125,  18, 1,  15.00,  0.00, 0.00, 'ready',  NULL, 'collected'),
(132, 125,  16, 1,  60.00,  0.00, 0.00, 'served', NULL, 'collected'),
(133, 126,  18, 1,  15.00,  0.00, 0.00, 'ready',  NULL, 'collected'),
(134, 126,  16, 1,  60.00,  0.00, 0.00, 'served', NULL, 'collected'),
(135, 127,  385,  1,  100.00, 0.00, 0.00, 'ready',  NULL, 'collected'),
(136, 128,  18, 1,  15.00,  0.00, 0.00, 'ready',  NULL, 'collected'),
(137, 129,  16, 1,  60.00,  0.00, 0.00, 'served', NULL, 'collected'),
(138, 129,  18, 1,  15.00,  0.00, 0.00, 'ready',  NULL, 'collected'),
(139, 129,  18, 1,  15.00,  0.00, 0.00, 'ready',  NULL, 'collected'),
(140, 129,  18, 1,  15.00,  0.00, 0.00, 'served', NULL, 'collected'),
(141, 130,  385,  1,  100.00, 0.00, 0.00, 'served', NULL, 'collected'),
(142, 131,  18, 1,  15.00,  0.00, 0.00, 'ready',  NULL, 'collected'),
(143, 132,  18, 1,  15.00,  0.00, 0.00, 'ready',  NULL, 'collected'),
(144, 133,  16, 1,  60.00,  0.00, 0.00, 'served', NULL, 'collected'),
(145, 134,  16, 1,  60.00,  0.00, 0.00, 'served', NULL, 'collected'),
(146, 135,  16, 1,  60.00,  0.00, 0.00, 'served', NULL, 'collected'),
(147, 136,  16, 1,  60.00,  0.00, 0.00, 'served', NULL, 'collected'),
(148, 137,  16, 1,  60.00,  0.00, 0.00, 'served', NULL, 'collected'),
(149, 138,  18, 2,  15.00,  0.00, 0.00, 'voided', NULL, 'collected');

DROP TABLE IF EXISTS `sales`;
CREATE TABLE `sales` (
  `id` int NOT NULL AUTO_INCREMENT,
  `location_id` int NOT NULL,
  `table_id` int DEFAULT NULL,
  `user_id` int NOT NULL,
  `shift_id` int DEFAULT NULL,
  `subtotal` decimal(10,2) NOT NULL DEFAULT '0.00',
  `total_amount` decimal(10,2) NOT NULL DEFAULT '0.00',
  `discount` decimal(10,2) DEFAULT '0.00',
  `total_tax` decimal(10,2) DEFAULT '0.00',
  `tip` decimal(10,2) DEFAULT '0.00',
  `final_total` decimal(10,2) DEFAULT '0.00',
  `payment_method` varchar(50) NOT NULL DEFAULT 'cash',
  `status` enum('completed','refund_requested','refunded','partially_refunded') DEFAULT 'completed',
  `created_at` timestamp NULL DEFAULT CURRENT_TIMESTAMP,
  `collected_by` varchar(100) DEFAULT NULL,
  `payment_status` varchar(20) NOT NULL DEFAULT 'paid',
  `customer_name` varchar(100) DEFAULT 'Walk-in',
  `amount_tendered` decimal(10,2) DEFAULT '0.00',
  `change_due` decimal(10,2) DEFAULT '0.00',
  `member_id` int DEFAULT NULL,
  `points_earned` decimal(10,2) DEFAULT '0.00',
  `points_redeemed` decimal(10,2) DEFAULT '0.00',
  `split_group_id` varchar(50) DEFAULT NULL,
  `split_type` enum('none','item','even','custom') DEFAULT 'none',
  `tip_amount` decimal(10,2) DEFAULT '0.00',
  PRIMARY KEY (`id`),
  KEY `location_id` (`location_id`),
  KEY `user_id` (`user_id`),
  CONSTRAINT `sales_ibfk_1` FOREIGN KEY (`location_id`) REFERENCES `locations` (`id`),
  CONSTRAINT `sales_ibfk_2` FOREIGN KEY (`user_id`) REFERENCES `users` (`id`)
) ENGINE=InnoDB DEFAULT CHARSET=utf8mb4 COLLATE=utf8mb4_0900_ai_ci;

TRUNCATE `sales`;
INSERT INTO `sales` (`id`, `location_id`, `table_id`, `user_id`, `shift_id`, `subtotal`, `total_amount`, `discount`, `total_tax`, `tip`, `final_total`, `payment_method`, `status`, `created_at`, `collected_by`, `payment_status`, `customer_name`, `amount_tendered`, `change_due`, `member_id`, `points_earned`, `points_redeemed`, `split_group_id`, `split_type`, `tip_amount`) VALUES
(1, 4,  NULL, 1,  4,  0.00, 70.00,  0.00, 0.00, 0.00, 70.00,  'Cash', 'completed',  '2026-02-13 15:57:27',  NULL, 'paid', 'DJ', 70.00,  0.00, NULL, 0.00, 0.00, NULL, 'none', 0.00),
(2, 3,  NULL, 8,  3,  0.00, 70.00,  0.00, 0.00, 0.00, 70.00,  'Cash', 'completed',  '2026-02-13 16:30:21',  NULL, 'paid', 'Walk-in',  70.00,  0.00, NULL, 0.00, 0.00, NULL, 'none', 0.00),
(3, 4,  NULL, 1,  4,  0.00, 140.00, 0.00, 0.00, 0.00, 140.00, 'MTN Money',  'completed',  '2026-02-13 20:24:34',  NULL, 'paid', 'Walk-in',  140.00, 0.00, NULL, 0.00, 0.00, NULL, 'none', 0.00),
(4, 4,  NULL, 1,  4,  0.00, 70.00,  0.00, 0.00, 0.00, 70.00,  'Card', 'completed',  '2026-02-13 20:24:49',  NULL, 'paid', 'Walk-in',  70.00,  0.00, NULL, 0.00, 0.00, NULL, 'none', 0.00),
(5, 1,  NULL, 1,  5,  0.00, 70.00,  0.00, 0.00, 0.00, 70.00,  'Cash', 'completed',  '2026-02-13 20:37:36',  NULL, 'paid', 'Walk-in',  70.00,  0.00, NULL, 0.00, 0.00, NULL, 'none', 0.00),
(6, 2,  NULL, 1,  6,  0.00, 60.00,  0.00, 0.00, 0.00, 60.00,  'Pending',  'completed',  '2026-02-14 05:06:26',  NULL, 'pending',  'Mweemba - table  5', 0.00, 0.00, NULL, 0.00, 0.00, NULL, 'none', 0.00),
(7, 2,  NULL, 1,  6,  0.00, 120.00, 0.00, 0.00, 0.00, 120.00, 'Pending',  'completed',  '2026-02-14 05:09:16',  NULL, 'pending',  'Bwalya table -5',  0.00, 0.00, NULL, 0.00, 0.00, NULL, 'none', 0.00),
(8, 1,  NULL, 1,  7,  0.00, 70.00,  0.00, 0.00, 0.00, 70.00,  'Cash', 'completed',  '2026-02-14 06:30:28',  NULL, 'paid', 'table 1',  70.00,  0.00, NULL, 0.00, 0.00, NULL, 'none', 0.00),
(9, 1,  NULL, 1,  7,  0.00, 70.00,  0.00, 0.00, 0.00, 70.00,  'Cash', 'completed',  '2026-02-14 06:44:15',  NULL, 'paid', 'table - 5',  70.00,  0.00, NULL, 0.00, 0.00, NULL, 'none', 0.00),
(10,  1,  NULL, 1,  7,  0.00, 70.00,  0.00, 0.00, 0.00, 70.00,  'Cash', 'completed',  '2026-02-14 07:04:59',  NULL, 'paid', 'Walk-in',  70.00,  0.00, NULL, 0.00, 0.00, NULL, 'none', 0.00),
(13,  1,  NULL, 2,  9,  0.00, 70.00,  0.00, 0.00, 0.00, 70.00,  'Cash', 'completed',  '2026-02-14 10:41:18',  NULL, 'paid', 'Walk-in',  70.00,  0.00, NULL, 0.00, 0.00, NULL, 'none', 0.00),
(14,  1,  NULL, 2,  9,  0.00, 210.00, 0.00, 0.00, 0.00, 210.00, 'Cash', 'completed',  '2026-02-14 10:41:37',  NULL, 'paid', 'tab 2',  210.00, 0.00, NULL, 0.00, 0.00, NULL, 'none', 0.00),
(15,  1,  NULL, 2,  9,  0.00, 70.00,  0.00, 0.00, 0.00, 70.00,  'Cash', 'completed',  '2026-02-14 10:42:21',  NULL, 'paid', 'Walk-in',  70.00,  0.00, NULL, 0.00, 0.00, NULL, 'none', 0.00),
(17,  1,  NULL, 2,  9,  0.00, 70.00,  0.00, 0.00, 0.00, 70.00,  'Cash', 'completed',  '2026-02-14 10:56:40',  NULL, 'paid', 'tab 3',  70.00,  0.00, NULL, 0.00, 0.00, NULL, 'none', 0.00),
(19,  1,  NULL, 2,  9,  0.00, 70.00,  0.00, 0.00, 0.00, 70.00,  'Cash', 'completed',  '2026-02-14 10:58:13',  NULL, 'paid', 'tab 4',  70.00,  0.00, NULL, 0.00, 0.00, NULL, 'none', 0.00),
(21,  1,  NULL, 1,  7,  0.00, 70.00,  0.00, 0.00, 0.00, 70.00,  'Cash', 'completed',  '2026-02-14 11:13:24',  NULL, 'paid', 'Tab 1',  70.00,  0.00, NULL, 0.00, 0.00, NULL, 'none', 0.00),
(23,  1,  NULL, 1,  7,  0.00, 70.00,  0.00, 0.00, 0.00, 70.00,  'Cash', 'completed',  '2026-02-14 11:13:54',  NULL, 'paid', 'tab 2',  70.00,  0.00, NULL, 0.00, 0.00, NULL, 'none', 0.00),
(24,  1,  NULL, 2,  9,  0.00, 70.00,  0.00, 0.00, 0.00, 70.00,  'Cash', 'completed',  '2026-02-14 12:22:55',  NULL, 'paid', 'Walk-in',  70.00,  0.00, NULL, 0.00, 0.00, NULL, 'none', 0.00),
(26,  1,  NULL, 2,  9,  0.00, 70.00,  0.00, 0.00, 0.00, 70.00,  'Cash', 'completed',  '2026-02-14 12:24:18',  NULL, 'paid', 'tabe 2', 70.00,  0.00, NULL, 0.00, 0.00, NULL, 'none', 0.00),
(27,  1,  NULL, 2,  9,  0.00, 70.00,  0.00, 0.00, 0.00, 70.00,  'Cash', 'completed',  '2026-02-14 12:25:27',  NULL, 'paid', 'Walk-in',  70.00,  0.00, NULL, 0.00, 0.00, NULL, 'none', 0.00),
(28,  1,  NULL, 2,  9,  0.00, 70.00,  0.00, 0.00, 0.00, 70.00,  'Cash', 'completed',  '2026-02-14 12:25:56',  NULL, 'paid', 'Walk-in',  70.00,  0.00, NULL, 0.00, 0.00, NULL, 'none', 0.00),
(29,  1,  NULL, 2,  9,  0.00, 70.00,  0.00, 0.00, 0.00, 70.00,  'Cash', 'completed',  '2026-02-14 12:27:03',  NULL, 'paid', 'Walk-in',  70.00,  0.00, NULL, 0.00, 0.00, NULL, 'none', 0.00),
(30,  1,  NULL, 2,  9,  0.00, 70.00,  0.00, 0.00, 0.00, 70.00,  'Cash', 'completed',  '2026-02-14 12:27:12',  NULL, 'paid', 'Walk-in',  70.00,  0.00, NULL, 0.00, 0.00, NULL, 'none', 0.00),
(31,  1,  NULL, 2,  9,  0.00, 70.00,  0.00, 0.00, 0.00, 70.00,  'Cash', 'completed',  '2026-02-14 12:27:56',  NULL, 'paid', 'Walk-in',  70.00,  0.00, NULL, 0.00, 0.00, NULL, 'none', 0.00),
(32,  1,  NULL, 2,  9,  0.00, 30.00,  0.00, 0.00, 0.00, 30.00,  'Cash', 'completed',  '2026-02-14 14:10:54',  NULL, 'paid', 'Guest 1',  30.00,  0.00, NULL, 0.00, 0.00, NULL, 'none', 0.00),
(33,  1,  NULL, 2,  9,  0.00, 30.00,  0.00, 0.00, 0.00, 30.00,  'Cash', 'completed',  '2026-02-14 14:10:54',  NULL, 'paid', 'Guest 2',  30.00,  0.00, NULL, 0.00, 0.00, NULL, 'none', 0.00),
(34,  1,  NULL, 2,  9,  0.00, 60.00,  0.00, 0.00, 0.00, 60.00,  'Cash', 'completed',  '2026-02-14 14:11:34',  NULL, 'paid', 'Walk-in',  60.00,  0.00, NULL, 0.00, 0.00, NULL, 'none', 0.00),
(36,  1,  NULL, 2,  9,  0.00, 60.00,  0.00, 0.00, 0.00, 60.00,  'Cash', 'completed',  '2026-02-14 14:47:02',  NULL, 'paid', 'Walk-in',  60.00,  0.00, NULL, 0.00, 0.00, NULL, 'none', 0.00),
(37,  1,  NULL, 2,  9,  0.00, 120.00, 0.00, 0.00, 0.00, 120.00, 'Airtel Money', 'completed',  '2026-02-14 16:37:54',  NULL, 'paid', 'tab 1',  120.00, 0.00, NULL, 0.00, 0.00, NULL, 'none', 0.00),
(38,  1,  NULL, 8,  10, 0.00, 60.00,  0.00, 0.00, 0.00, 60.00,  'Cash', 'completed',  '2026-02-17 13:10:37',  NULL, 'paid', 'Walk-in',  75.00,  0.00, NULL, 0.00, 0.00, NULL, 'none', 0.00),
(39,  1,  NULL, 8,  10, 0.00, 75.00,  0.00, 0.00, 0.00, 75.00,  'Cash', 'completed',  '2026-02-17 13:22:54',  NULL, 'paid', 'Walk-in',  75.00,  0.00, NULL, 0.00, 0.00, NULL, 'none', 0.00),
(42,  1,  NULL, 1,  7,  0.00, 15.00,  0.00, 0.00, 0.00, 15.00,  'Cash', 'completed',  '2026-02-17 13:26:40',  NULL, 'paid', 'tab 1',  15.00,  0.00, NULL, 0.00, 0.00, NULL, 'none', 0.00),
(43,  1,  NULL, 1,  7,  0.00, 60.00,  0.00, 0.00, 0.00, 60.00,  'Cash', 'completed',  '2026-02-17 13:26:59',  NULL, 'paid', 'Walk-in',  60.00,  0.00, NULL, 0.00, 0.00, NULL, 'none', 0.00),
(45,  1,  NULL, 1,  7,  0.00, 75.00,  0.00, 0.00, 0.00, 75.00,  'Cash', 'completed',  '2026-02-17 13:33:54',  NULL, 'paid', 'tab 2',  75.00,  0.00, NULL, 0.00, 0.00, NULL, 'none', 0.00),
(47,  1,  NULL, 1,  7,  0.00, 15.00,  0.00, 0.00, 0.00, 15.00,  'Cash', 'completed',  '2026-02-17 13:36:40',  NULL, 'refunded', 'tab 4',  15.00,  0.00, NULL, 0.00, 0.00, NULL, 'none', 0.00),
(49,  1,  NULL, 1,  7,  0.00, 15.00,  0.00, 0.00, 0.00, 15.00,  'Cash', 'completed',  '2026-02-17 13:41:25',  NULL, 'paid', 'table 7',  15.00,  0.00, NULL, 0.00, 0.00, NULL, 'none', 0.00),
(51,  1,  NULL, 1,  7,  0.00, 0.00, 0.00, 0.00, 0.00, 0.00, 'Cash', 'completed',  '2026-02-17 13:42:39',  NULL, 'paid', 'table 6',  60.00,  0.00, NULL, 0.00, 0.00, NULL, 'none', 0.00),
(52,  1,  NULL, 1,  7,  0.00, 15.00,  0.00, 0.00, 0.00, 15.00,  'Cash', 'completed',  '2026-02-17 16:07:21',  NULL, 'paid', 'Guest 1',  75.00,  0.00, NULL, 0.00, 0.00, NULL, 'none', 0.00),
(54,  1,  NULL, 1,  7,  0.00, 0.00, 0.00, 0.00, 0.00, 0.00, 'Cash', 'completed',  '2026-02-17 16:10:50',  NULL, 'paid', 'Guest 1',  15.00,  0.00, NULL, 0.00, 0.00, NULL, 'none', 0.00),
(56,  1,  NULL, 1,  7,  0.00, 15.00,  0.00, 0.00, 0.00, 15.00,  'Cash', 'completed',  '2026-02-17 16:11:32',  NULL, 'paid', 'Guest 2',  15.00,  0.00, NULL, 0.00, 0.00, NULL, 'none', 0.00),
(57,  1,  NULL, 1,  7,  0.00, 75.00,  0.00, 0.00, 0.00, 75.00,  'Cash', 'completed',  '2026-02-17 16:13:08',  NULL, 'refunded', 'Guest 2',  75.00,  0.00, NULL, 0.00, 0.00, NULL, 'none', 0.00),
(59,  1,  NULL, 1,  7,  0.00, 15.00,  0.00, 0.00, 0.00, 15.00,  'Cash', 'completed',  '2026-02-17 16:15:01',  NULL, 'refunded', 'table 1',  15.00,  0.00, NULL, 0.00, 0.00, NULL, 'none', 0.00),
(60,  1,  NULL, 1,  7,  0.00, 15.00,  0.00, 0.00, 0.00, 15.00,  'Cash', 'completed',  '2026-02-17 16:15:21',  NULL, 'refunded', 'table 1',  15.00,  0.00, NULL, 0.00, 0.00, NULL, 'none', 0.00),
(61,  1,  NULL, 1,  7,  0.00, 15.00,  0.00, 0.00, 0.00, 15.00,  'Cash', 'completed',  '2026-02-17 17:28:31',  NULL, 'refunded', 'Walk-in',  15.00,  0.00, NULL, 0.00, 0.00, NULL, 'none', 0.00),
(64,  1,  NULL, 1,  7,  0.00, 15.00,  0.00, 0.00, 0.00, 15.00,  'Cash', 'completed',  '2026-02-17 17:30:23',  NULL, 'paid', 'Guest 1',  15.00,  0.00, NULL, 0.00, 0.00, NULL, 'none', 0.00),
(66,  1,  NULL, 1,  7,  0.00, 75.00,  0.00, 0.00, 0.00, 75.00,  'Cash', 'completed',  '2026-02-17 20:46:57',  NULL, 'paid', 'tab1', 90.00,  0.00, NULL, 0.00, 0.00, NULL, 'none', 0.00),
(67,  1,  NULL, 1,  7,  0.00, 15.00,  0.00, 0.00, 0.00, 15.00,  'Cash', 'completed',  '2026-02-17 20:48:17',  NULL, 'paid', 'Guest 2',  15.00,  0.00, NULL, 0.00, 0.00, NULL, 'none', 0.00),
(69,  1,  NULL, 1,  7,  0.00, 15.00,  0.00, 0.00, 0.00, 15.00,  'Cash', 'completed',  '2026-02-17 20:58:20',  NULL, 'paid', 'tab 1',  100.00, 68.50,  NULL, 0.00, 0.00, NULL, 'none', 1.50),
(70,  1,  NULL, 1,  7,  0.00, 15.00,  0.00, 0.00, 0.00, 15.00,  'Cash', 'completed',  '2026-02-17 21:38:19',  NULL, 'paid', 'Walk-in',  15.00,  0.00, NULL, 0.00, 0.00, NULL, 'none', 0.00),
(75,  1,  NULL, 1,  7,  0.00, 75.00,  0.00, 0.00, 0.00, 75.00,  'Cash', 'completed',  '2026-02-17 21:58:50',  NULL, 'paid', 'Walk-in',  200.00, 5.00, NULL, 0.00, 0.00, NULL, 'none', 0.00),
(77,  1,  NULL, 1,  7,  0.00, 60.00,  0.00, 0.00, 0.00, 60.00,  'Cash', 'completed',  '2026-02-17 22:09:53',  NULL, 'paid', 't1', 60.00,  0.00, NULL, 0.00, 0.00, NULL, 'none', 0.00),
(79,  1,  NULL, 1,  7,  0.00, 75.00,  0.00, 0.00, 0.00, 75.00,  'Cash', 'completed',  '2026-02-17 22:13:11',  NULL, 'paid', 'Guest 1',  75.00,  0.00, NULL, 0.00, 0.00, NULL, 'none', 0.00),
(81,  1,  NULL, 1,  7,  0.00, 60.00,  0.00, 0.00, 0.00, 60.00,  'Cash', 'completed',  '2026-02-17 22:13:48',  NULL, 'paid', 'Guest 2',  60.00,  0.00, NULL, 0.00, 0.00, NULL, 'none', 0.00),
(82,  1,  NULL, 1,  7,  0.00, 135.00, 0.00, 0.00, 0.00, 135.00, 'Cash', 'completed',  '2026-02-17 22:14:02',  NULL, 'paid', 'T1', 135.00, 0.00, NULL, 0.00, 0.00, NULL, 'none', 0.00),
(84,  1,  NULL, 1,  7,  0.00, 0.00, 0.00, 0.00, 0.00, 0.00, 'Cash', 'completed',  '2026-02-17 22:15:22',  NULL, 'paid', '', 0.00, 0.00, NULL, 0.00, 0.00, NULL, 'none', 0.00),
(86,  1,  NULL, 1,  11, 0.00, 60.00,  0.00, 0.00, 0.00, 60.00,  'MTN Money',  'completed',  '2026-02-20 11:30:13',  NULL, 'paid', 't2', 60.00,  0.00, NULL, 0.00, 0.00, NULL, 'none', 0.00),
(88,  1,  NULL, 8,  10, 0.00, 120.00, 0.00, 0.00, 0.00, 120.00, 'Card', 'completed',  '2026-02-24 06:05:20',  NULL, 'paid', 'table 5',  120.00, 0.00, NULL, 0.00, 0.00, NULL, 'none', 0.00),
(90,  1,  NULL, 3,  13, 0.00, 15.00,  0.00, 0.00, 0.00, 15.00,  'Cash', 'completed',  '2026-02-24 12:37:34',  NULL, 'paid', 'Walk-in',  15.00,  0.00, NULL, 0.00, 0.00, NULL, 'none', 0.00),
(92,  1,  NULL, 1,  12, 0.00, 60.00,  0.00, 0.00, 0.00, 60.00,  'Cash', 'completed',  '2026-02-24 13:53:29',  NULL, 'paid', 'Walk-in',  60.00,  0.00, NULL, 0.00, 0.00, NULL, 'none', 0.00),
(93,  1,  NULL, 1,  12, 0.00, 60.00,  0.00, 0.00, 0.00, 60.00,  'Cash', 'completed',  '2026-02-24 13:54:13',  NULL, 'paid', 'Walk-in',  100.00, 40.00,  NULL, 0.00, 0.00, NULL, 'none', 0.00),
(94,  1,  NULL, 1,  12, 0.00, 60.00,  0.00, 0.00, 0.00, 60.00,  'Cash', 'completed',  '2026-02-24 13:54:51',  NULL, 'paid', 'Walk-in',  60.00,  0.00, NULL, 0.00, 0.00, NULL, 'none', 0.00),
(95,  1,  NULL, 1,  12, 0.00, 60.00,  0.00, 0.00, 0.00, 60.00,  'Cash', 'completed',  '2026-02-24 14:23:28',  NULL, 'paid', 'Walk-in',  60.00,  0.00, NULL, 0.00, 0.00, NULL, 'none', 0.00),
(97,  1,  NULL, 1,  12, 0.00, 60.00,  0.00, 0.00, 0.00, 60.00,  'Cash', 'completed',  '2026-02-24 14:24:24',  NULL, 'paid', 'chiboola', 60.00,  0.00, NULL, 0.00, 0.00, NULL, 'none', 0.00),
(98,  1,  NULL, 1,  12, 0.00, 15.00,  0.00, 0.00, 0.00, 15.00,  'Cash', 'completed',  '2026-02-24 14:26:12',  NULL, 'paid', 'Walk-in',  15.00,  0.00, NULL, 0.00, 0.00, NULL, 'none', 0.00),
(99,  1,  NULL, 2,  9,  0.00, 35.00,  0.00, 0.00, 0.00, 35.00,  'Cash', 'completed',  '2026-02-24 22:23:52',  NULL, 'paid', 'Walk-in',  35.00,  0.00, NULL, 0.00, 0.00, NULL, 'none', 0.00),
(100, 1,  NULL, 2,  9,  0.00, 60.00,  0.00, 0.00, 0.00, 60.00,  'Cash', 'completed',  '2026-02-24 22:34:38',  NULL, 'paid', 'Walk-in',  60.00,  0.00, NULL, 0.00, 0.00, NULL, 'none', 0.00),
(101, 1,  NULL, 2,  9,  0.00, 120.00, 0.00, 0.00, 0.00, 120.00, 'Cash', 'completed',  '2026-02-24 22:35:01',  NULL, 'paid', 'Walk-in',  120.00, 0.00, NULL, 0.00, 0.00, NULL, 'none', 0.00),
(117, 1,  NULL, 2,  9,  170.00, 0.00, 0.00, 0.00, 0.00, 170.00, 'Cash', 'completed',  '2026-02-25 01:15:12',  NULL, 'paid', 'Walk-in',  0.00, 0.00, NULL, 0.00, 0.00, NULL, 'none', 0.00),
(118, 1,  NULL, 2,  9,  100.00, 0.00, 0.00, 0.00, 0.00, 100.00, 'Cash', 'completed',  '2026-02-25 01:17:10',  NULL, 'paid', '', 0.00, 0.00, NULL, 0.00, 0.00, NULL, 'none', 0.00),
(119, 1,  NULL, 2,  9,  400.00, 0.00, 0.00, 0.00, 0.00, 400.00, 'Cash', 'completed',  '2026-02-25 02:00:19',  NULL, 'paid', '', 0.00, 0.00, NULL, 0.00, 0.00, NULL, 'none', 0.00),
(120, 1,  NULL, 2,  9,  200.00, 0.00, 0.00, 0.00, 0.00, 200.00, 'Cash', 'completed',  '2026-02-25 22:43:42',  NULL, 'paid', 'Walk-in',  0.00, 0.00, NULL, 0.00, 0.00, NULL, 'none', 0.00),
(121, 1,  NULL, 2,  9,  100.00, 0.00, 0.00, 0.00, 0.00, 100.00, 'Cash', 'completed',  '2026-02-26 00:22:42',  NULL, 'paid', '', 0.00, 0.00, NULL, 0.00, 0.00, NULL, 'none', 0.00),
(122, 1,  NULL, 2,  9,  0.00, 0.00, 0.00, 0.00, 0.00, 0.00, 'Cash', 'completed',  '2026-02-26 00:30:41',  NULL, 'paid', 'Walk-in',  0.00, 0.00, NULL, 0.00, 0.00, NULL, 'none', 0.00),
(123, 1,  1,  2,  17, 90.00,  0.00, 0.00, 0.00, 0.00, 90.00,  'Cash', 'completed',  '2026-02-26 14:07:04',  NULL, 'paid', 'Table 1',  0.00, 0.00, NULL, 0.00, 0.00, NULL, 'none', 0.00),
(124, 1,  5,  2,  17, 15.00,  0.00, 0.00, 0.00, 0.00, 15.00,  'Cash', 'completed',  '2026-02-26 14:08:01',  NULL, 'paid', 'Patio 1',  0.00, 0.00, NULL, 0.00, 0.00, NULL, 'none', 0.00),
(125, 1,  3,  2,  17, 75.00,  0.00, 0.00, 0.00, 0.00, 75.00,  'Cash', 'completed',  '2026-02-26 14:23:51',  NULL, 'paid', 'Table 3',  0.00, 0.00, NULL, 0.00, 0.00, NULL, 'none', 0.00),
(126, 1,  6,  2,  17, 75.00,  0.00, 0.00, 0.00, 0.00, 75.00,  'Cash', 'completed',  '2026-02-26 14:36:30',  NULL, 'paid', 'Patio 2',  0.00, 0.00, NULL, 0.00, 0.00, NULL, 'none', 0.00),
(127, 1,  1,  2,  17, 100.00, 0.00, 0.00, 0.00, 0.00, 100.00, 'Cash', 'completed',  '2026-02-26 14:48:02',  NULL, 'paid', 'Table 1',  0.00, 0.00, NULL, 0.00, 0.00, NULL, 'none', 0.00),
(128, 1,  5,  2,  17, 15.00,  0.00, 0.00, 0.00, 0.00, 15.00,  'Cash', 'completed',  '2026-02-26 19:11:45',  NULL, 'paid', 'Patio 1',  0.00, 0.00, NULL, 0.00, 0.00, NULL, 'none', 0.00),
(129, 1,  6,  2,  17, 105.00, 0.00, 0.00, 0.00, 0.00, 105.00, 'Cash', 'completed',  '2026-02-26 20:54:27',  NULL, 'paid', 'Patio 2',  0.00, 0.00, NULL, 0.00, 0.00, NULL, 'none', 0.00),
(130, 1,  1,  2,  17, 100.00, 0.00, 0.00, 0.00, 0.00, 100.00, 'Cash', 'completed',  '2026-02-26 21:16:23',  NULL, 'paid', 'Table 1',  0.00, 0.00, NULL, 0.00, 0.00, NULL, 'none', 0.00),
(131, 1,  1,  2,  17, 15.00,  0.00, 0.00, 0.00, 0.00, 15.00,  'Cash', 'completed',  '2026-02-26 21:30:37',  NULL, 'paid', 'Table 1',  0.00, 0.00, NULL, 0.00, 0.00, NULL, 'none', 0.00),
(132, 1,  2,  2,  17, 15.00,  0.00, 0.00, 0.00, 0.00, 15.00,  'Cash', 'completed',  '2026-02-26 21:31:27',  NULL, 'paid', 'Table 2',  0.00, 0.00, NULL, 0.00, 0.00, NULL, 'none', 0.00),
(133, 1,  1,  2,  17, 60.00,  0.00, 0.00, 0.00, 0.00, 60.00,  'Cash', 'completed',  '2026-02-26 21:32:36',  NULL, 'paid', 'Table 1',  0.00, 0.00, NULL, 0.00, 0.00, NULL, 'none', 0.00),
(134, 1,  6,  2,  17, 60.00,  0.00, 0.00, 0.00, 0.00, 60.00,  'Cash', 'completed',  '2026-02-26 21:35:07',  NULL, 'paid', 'Patio 2',  0.00, 0.00, NULL, 0.00, 0.00, NULL, 'none', 0.00),
(135, 1,  1,  2,  17, 60.00,  0.00, 0.00, 0.00, 0.00, 60.00,  'MTN Money',  'completed',  '2026-02-26 22:14:29',  NULL, 'paid', 'Table 1',  0.00, 0.00, NULL, 0.00, 0.00, NULL, 'none', 0.00),
(136, 1,  NULL, 2,  17, 60.00,  0.00, 0.00, 0.00, 0.00, 60.00,  'Cash', 'completed',  '2026-02-26 22:18:51',  NULL, 'paid', 'Walk-in',  0.00, 0.00, NULL, 0.00, 0.00, NULL, 'none', 0.00),
(137, 1,  1,  2,  17, 60.00,  0.00, 0.00, 0.00, 0.00, 63.00,  'Airtel Money', 'completed',  '2026-02-26 22:27:29',  NULL, 'paid', 'Table 1',  0.00, 0.00, NULL, 0.00, 0.00, NULL, 'none', 3.00),
(138, 1,  2,  2,  19, 0.00, 0.00, 0.00, 0.00, 0.00, 0.00, 'Cash', 'completed',  '2026-02-27 19:50:12',  NULL, 'paid', 'Table 2',  0.00, 0.00, NULL, 0.00, 0.00, NULL, 'none', 0.00);

DROP TABLE IF EXISTS `settings`;
CREATE TABLE `settings` (
  `setting_key` varchar(50) NOT NULL,
  `setting_value` varchar(255) NOT NULL,
  PRIMARY KEY (`setting_key`)
) ENGINE=InnoDB DEFAULT CHARSET=utf8mb4 COLLATE=utf8mb4_0900_ai_ci;

TRUNCATE `settings`;
INSERT INTO `settings` (`setting_key`, `setting_value`) VALUES
('business_name', 'duckGrill-POS'),
('license_tier',  'hospitality'),
('receipt_footer',  'Thank you for your business!'),
('receipt_header',  'duckGrill'),
('theme_color', '#581904');

DROP TABLE IF EXISTS `shifts`;
CREATE TABLE `shifts` (
  `id` int NOT NULL AUTO_INCREMENT,
  `user_id` int NOT NULL,
  `location_id` int NOT NULL,
  `start_time` timestamp NULL DEFAULT CURRENT_TIMESTAMP,
  `end_time` timestamp NULL DEFAULT NULL,
  `starting_cash` decimal(10,2) DEFAULT '0.00',
  `closing_cash` decimal(10,2) DEFAULT '0.00',
  `expected_cash` decimal(10,2) DEFAULT '0.00',
  `manager_closing_cash` decimal(10,2) DEFAULT '0.00',
  `status` varchar(20) NOT NULL DEFAULT 'open',
  `variance_reason` text,
  `handover_notes` text,
  `start_verified_by` int DEFAULT NULL,
  `start_verified_at` timestamp NULL DEFAULT NULL,
  `end_verified_by` int DEFAULT NULL,
  `end_verified_at` timestamp NULL DEFAULT NULL,
  `variance` decimal(10,2) DEFAULT '0.00',
  PRIMARY KEY (`id`),
  KEY `user_id` (`user_id`),
  KEY `location_id` (`location_id`),
  KEY `start_verified_by` (`start_verified_by`),
  KEY `end_verified_by` (`end_verified_by`),
  CONSTRAINT `shifts_ibfk_1` FOREIGN KEY (`user_id`) REFERENCES `users` (`id`),
  CONSTRAINT `shifts_ibfk_2` FOREIGN KEY (`location_id`) REFERENCES `locations` (`id`),
  CONSTRAINT `shifts_ibfk_3` FOREIGN KEY (`start_verified_by`) REFERENCES `users` (`id`),
  CONSTRAINT `shifts_ibfk_4` FOREIGN KEY (`end_verified_by`) REFERENCES `users` (`id`)
) ENGINE=InnoDB DEFAULT CHARSET=utf8mb4 COLLATE=utf8mb4_0900_ai_ci;

TRUNCATE `shifts`;
INSERT INTO `shifts` (`id`, `user_id`, `location_id`, `start_time`, `end_time`, `starting_cash`, `closing_cash`, `expected_cash`, `manager_closing_cash`, `status`, `variance_reason`, `handover_notes`, `start_verified_by`, `start_verified_at`, `end_verified_by`, `end_verified_at`, `variance`) VALUES
(1, 1,  1,  '2026-02-13 03:07:58',  '2026-02-13 09:07:09',  0.00, 0.00, 0.00, 0.00, 'closed', '', NULL, NULL, NULL, NULL, NULL, 0.00),
(2, 10, 1,  '2026-02-13 06:18:13',  NULL, 0.00, 0.00, 0.00, 0.00, 'pending_approval', NULL, NULL, NULL, NULL, NULL, NULL, 0.00),
(3, 8,  3,  '2026-02-13 09:08:14',  '2026-02-17 13:09:28',  0.00, 70.00,  70.00,  0.00, 'closed', '', NULL, NULL, NULL, NULL, NULL, 0.00),
(4, 1,  4,  '2026-02-13 15:56:56',  '2026-02-13 20:36:19',  0.00, 70.00,  70.00,  0.00, 'closed', '', NULL, NULL, NULL, NULL, NULL, 0.00),
(5, 1,  1,  '2026-02-13 20:36:34',  '2026-02-14 05:05:24',  0.00, 70.00,  70.00,  0.00, 'closed', '', NULL, NULL, NULL, NULL, NULL, 0.00),
(6, 1,  2,  '2026-02-14 05:05:47',  '2026-02-14 05:40:31',  400.00, 400.00, 400.00, 0.00, 'closed', '', NULL, NULL, NULL, NULL, NULL, 0.00),
(7, 1,  1,  '2026-02-14 06:29:45',  '2026-02-20 05:10:41',  0.00, 1085.00,  1085.00,  0.00, 'closed', '', NULL, NULL, NULL, NULL, NULL, 0.00),
(8, 11, 1,  '2026-02-14 10:25:27',  '2026-02-26 01:21:59',  0.00, 0.00, 0.00, 0.00, 'closed', 'Auth: mando',  NULL, NULL, NULL, NULL, NULL, 0.00),
(9, 2,  1,  '2026-02-14 10:26:14',  '2026-02-26 01:12:03',  0.00, 2339.00,  2339.00,  0.00, 'closed', 'Auth: admin',  NULL, NULL, NULL, NULL, NULL, 0.00),
(10,  8,  1,  '2026-02-17 13:09:40',  '2026-02-26 01:17:49',  0.00, 135.00, 135.00, 0.00, 'closed', 'Auth: admin',  NULL, NULL, NULL, NULL, NULL, 0.00),
(11,  1,  1,  '2026-02-20 05:11:03',  '2026-02-20 12:27:15',  0.00, 0.00, 0.00, 0.00, 'closed', '', NULL, NULL, NULL, NULL, NULL, 0.00),
(12,  1,  1,  '2026-02-20 12:27:59',  '2026-02-26 01:16:40',  900.00, 1215.00,  1215.00,  0.00, 'closed', 'Auth: admin',  NULL, NULL, NULL, NULL, NULL, 0.00),
(13,  3,  1,  '2026-02-24 12:20:20',  '2026-02-26 01:23:14',  0.00, 15.00,  15.00,  0.00, 'closed', 'Auth: admin',  NULL, NULL, NULL, NULL, NULL, 0.00),
(14,  2,  3,  '2026-02-25 00:39:24',  '2026-02-26 01:24:03',  0.00, 0.00, 0.00, 0.00, 'closed', 'Auth: admin',  NULL, NULL, NULL, NULL, NULL, 0.00),
(15,  2,  1,  '2026-02-26 01:14:03',  '2026-02-26 01:14:37',  400.00, 400.00, 400.00, 0.00, 'closed', 'Auth: admin',  NULL, NULL, NULL, NULL, NULL, 0.00),
(16,  2,  3,  '2026-02-26 01:25:05',  '2026-02-26 22:33:02',  5000.00,  5000.00,  5000.00,  0.00, 'closed', 'Auth: mando',  NULL, NULL, NULL, NULL, NULL, 0.00),
(17,  2,  1,  '2026-02-26 14:06:33',  '2026-02-26 22:32:27',  0.00, 785.00, 785.00, 0.00, 'closed', 'Auth: mando',  NULL, NULL, NULL, NULL, NULL, 0.00),
(18,  2,  6,  '2026-02-26 14:34:09',  '2026-02-26 22:33:46',  0.00, 0.00, 0.00, 0.00, 'closed', 'Auth: mando',  NULL, NULL, NULL, NULL, NULL, 0.00),
(19,  2,  1,  '2026-02-27 18:32:00',  NULL, 0.00, 0.00, 0.00, 0.00, 'open', NULL, NULL, NULL, NULL, NULL, NULL, 0.00);

DROP TABLE IF EXISTS `stock_transfer_items`;
CREATE TABLE `stock_transfer_items` (
  `id` int NOT NULL AUTO_INCREMENT,
  `transfer_id` int NOT NULL,
  `product_id` int NOT NULL,
  `quantity_requested` decimal(10,2) NOT NULL,
  `quantity_sent` decimal(10,2) DEFAULT '0.00',
  `quantity_received` decimal(10,2) DEFAULT '0.00',
  PRIMARY KEY (`id`),
  KEY `transfer_id` (`transfer_id`),
  KEY `product_id` (`product_id`),
  CONSTRAINT `stock_transfer_items_ibfk_1` FOREIGN KEY (`transfer_id`) REFERENCES `stock_transfers` (`id`) ON DELETE CASCADE,
  CONSTRAINT `stock_transfer_items_ibfk_2` FOREIGN KEY (`product_id`) REFERENCES `products` (`id`)
) ENGINE=InnoDB DEFAULT CHARSET=utf8mb4 COLLATE=utf8mb4_0900_ai_ci;

TRUNCATE `stock_transfer_items`;

DROP TABLE IF EXISTS `stock_transfers`;
CREATE TABLE `stock_transfers` (
  `id` int NOT NULL AUTO_INCREMENT,
  `source_location_id` int NOT NULL,
  `destination_location_id` int NOT NULL,
  `user_id` int NOT NULL,
  `status` enum('pending','completed','cancelled','rejected') DEFAULT 'pending',
  `created_at` timestamp NULL DEFAULT CURRENT_TIMESTAMP,
  PRIMARY KEY (`id`),
  KEY `source_location_id` (`source_location_id`),
  KEY `destination_location_id` (`destination_location_id`),
  KEY `user_id` (`user_id`),
  CONSTRAINT `stock_transfers_ibfk_1` FOREIGN KEY (`source_location_id`) REFERENCES `locations` (`id`),
  CONSTRAINT `stock_transfers_ibfk_2` FOREIGN KEY (`destination_location_id`) REFERENCES `locations` (`id`),
  CONSTRAINT `stock_transfers_ibfk_3` FOREIGN KEY (`user_id`) REFERENCES `users` (`id`)
) ENGINE=InnoDB DEFAULT CHARSET=utf8mb4 COLLATE=utf8mb4_0900_ai_ci;

TRUNCATE `stock_transfers`;

DROP TABLE IF EXISTS `taxes`;
CREATE TABLE `taxes` (
  `id` int NOT NULL AUTO_INCREMENT,
  `name` varchar(50) NOT NULL,
  `rate` decimal(5,2) NOT NULL,
  `is_active` tinyint(1) DEFAULT '1',
  PRIMARY KEY (`id`)
) ENGINE=InnoDB DEFAULT CHARSET=utf8mb4 COLLATE=utf8mb4_0900_ai_ci;

TRUNCATE `taxes`;

DROP TABLE IF EXISTS `transfers`;
CREATE TABLE `transfers` (
  `id` int NOT NULL AUTO_INCREMENT,
  `product_id` int NOT NULL,
  `from_location_id` int NOT NULL,
  `to_location_id` int NOT NULL,
  `quantity` int NOT NULL,
  `status` enum('pending','completed') DEFAULT 'completed',
  `created_at` timestamp NULL DEFAULT CURRENT_TIMESTAMP,
  PRIMARY KEY (`id`),
  KEY `product_id` (`product_id`),
  KEY `from_location_id` (`from_location_id`),
  KEY `to_location_id` (`to_location_id`),
  CONSTRAINT `transfers_ibfk_1` FOREIGN KEY (`product_id`) REFERENCES `products` (`id`),
  CONSTRAINT `transfers_ibfk_2` FOREIGN KEY (`from_location_id`) REFERENCES `locations` (`id`),
  CONSTRAINT `transfers_ibfk_3` FOREIGN KEY (`to_location_id`) REFERENCES `locations` (`id`)
) ENGINE=InnoDB DEFAULT CHARSET=utf8mb4 COLLATE=utf8mb4_0900_ai_ci;

TRUNCATE `transfers`;

DROP TABLE IF EXISTS `users`;
CREATE TABLE `users` (
  `id` int NOT NULL AUTO_INCREMENT,
  `username` varchar(50) NOT NULL,
  `full_name` varchar(100) DEFAULT NULL,
  `password_hash` varchar(255) NOT NULL,
  `role` enum('admin','shopkeeper','manager','cashier','dev','chef','waiter','head_chef','bartender') NOT NULL DEFAULT 'cashier',
  `location_id` int DEFAULT NULL,
  `created_at` timestamp NULL DEFAULT CURRENT_TIMESTAMP,
  `force_password_change` tinyint(1) DEFAULT '0',
  `is_active` tinyint(1) DEFAULT '1',
  PRIMARY KEY (`id`),
  UNIQUE KEY `username` (`username`),
  KEY `location_id` (`location_id`),
  CONSTRAINT `users_ibfk_1` FOREIGN KEY (`location_id`) REFERENCES `locations` (`id`) ON DELETE SET NULL
) ENGINE=InnoDB DEFAULT CHARSET=utf8mb4 COLLATE=utf8mb4_0900_ai_ci;

TRUNCATE `users`;
INSERT INTO `users` (`id`, `username`, `full_name`, `password_hash`, `role`, `location_id`, `created_at`, `force_password_change`, `is_active`) VALUES
(1, 'admin',  'System Admin', '$2y$10$AJ1DKDKmwF3BHFNYpQUgwOTwbzuUCXH04KMXRykW.chnVaFT2NIfu', 'admin',  3,  '2026-02-06 19:59:35',  0,  1),
(2, 'mando',  'mando chishimba',  '$2y$10$f7zbSGxQ7gvsH5N1dEOLauAgZS3dO1cV/8Gj.UNOmK6Z2a0JxWBbu', 'dev',  6,  '2026-02-06 19:59:35',  0,  1),
(3, 'manager',  'Manager',  '$2y$10$3owGZE25FfMAUBAFy9oL7OwSu6atNLFJZW7uwH7DG8k.RC71DWnLq', 'manager',  1,  '2026-02-06 19:59:35',  0,  1),
(4, 'main_bar', 'Main Bar', '$2y$10$VlnXSk.UJ.Wkp1Zr4nIMQOkjUdZqBuW64xHxSZG4SPE45f9lwpMri', 'bartender',  2,  '2026-02-06 19:59:35',  0,  1),
(5, 'head_chef',  'Head Chef',  '$2y$10$Mjj1v4RzMY4u0hdaNUcdCeuoq5OBjWndjv4P3phfjoCmtkeEskUHy', 'head_chef',  1,  '2026-02-06 19:59:35',  0,  1),
(6, 'waiter', 'Restaurant Waiter',  '$2y$10$EGK83.eKGrOChYOMm.IWg.2IUjJNFusgrA35equMDe18uAaxY8fl2', 'waiter', 4,  '2026-02-06 19:59:35',  0,  1),
(7, 'bartender',  'Main Bartender', '$2y$10$AJ1DKDKmwF3BHFNYpQUgwOTwbzuUCXH04KMXRykW.chnVaFT2NIfu', 'bartender',  2,  '2026-02-06 19:59:35',  0,  0),
(8, 'chef', 'chef', '$2y$10$M9vANzbl70OlafoGFIn/b.0Kyhl6JuQi21i5d6tjcBWnV8RxtjOZ2', 'chef', 1,  '2026-02-10 08:21:50',  0,  1),
(9, 'Res_Bar',  'Restaurant Bar', '$2y$10$Tn2NAv5T0.1kqWKPKOvthOVSGRS9prQbZevAa6DYqWvQsNE/lsBvy', 'bartender',  1,  '2026-02-10 09:53:29',  0,  1),
(10,  'daliso', 'Daliso Nindi', '$2y$10$0Cmqbbba.ipH/7x1fh9QOuQ8z4FayAfR1TuvXhzShncyprrq27Z4.', 'admin',  6,  '2026-02-10 10:20:55',  0,  1),
(11,  'Front_Manager',  'Front Desk Manager', '$2y$10$F9JzTIUjAP3wP9Egyk7b3uzy7XDZzDwku4t4V8YIezc15YuY8kng6', 'manager',  1,  '2026-02-14 09:31:02',  0,  1);

DROP TABLE IF EXISTS `vendors`;
CREATE TABLE `vendors` (
  `id` int NOT NULL AUTO_INCREMENT,
  `name` varchar(100) NOT NULL,
  `contact_person` varchar(100) DEFAULT NULL,
  `phone` varchar(50) DEFAULT NULL,
  `is_active` tinyint(1) DEFAULT '1',
  PRIMARY KEY (`id`)
) ENGINE=InnoDB DEFAULT CHARSET=utf8mb4 COLLATE=utf8mb4_0900_ai_ci;

TRUNCATE `vendors`;
INSERT INTO `vendors` (`id`, `name`, `contact_person`, `phone`, `is_active`) VALUES
(1, 'Coca Cola Zambia', 'Mr. Phiri',  NULL, 1),
(2, 'Zambeef',  'Sales Rep',  NULL, 1),
(3, 'Tiger Animal Feeds', 'Mrs. Banda', NULL, 1),
(4, 'Shoprite', 'Maybin', '12345678', 1),
(5, 'PRAV', 'PAVIN',  '097',  1);

-- 2026-02-28 04:03:18 UTC